mlbam_id,pitcher_name,xfip
804636,Jonah Tong,3.82
813349,Connelly Early,3.33
489446,Kirby Yates,3.19
434378,Justin Verlander,7.0
695076,Rhett Lowder,5.74
702056,Trey Yesavage,3.69
605483,Blake Snell,1.9
683363,Matt Wilkinson,3.58
543135,Nathan Eovaldi,4.2
641927,Bailey Ober,4.47
608718,Brent Suter,3.36
667652,Jack Ralston,5.71
676440,Tanner Bibee,4.36
608379,Michael Wacha,3.32
500779,Jose Quintana,5.44
663436,Davis Martin,3.95
687273,Quinn Mathews,3.83
669160,Dustin May,4.7
643377,Griffin Jax,3.53
605400,Aaron Nola,4.67
664199,Taylor Clarke,2.96
621111,Walker Buehler,4.53
669713,Hayden Wesneski,3.5
678022,Jack Perkins,5.9
696270,Ryan Johnson,4.93
807739,Kade Anderson,4.18
