game_id,temp_f,wind_out_mph,wind_mph,wind_dir_degrees,roof
822679,61.1,-3.1,9.9,303.0,no
823408,62.0,2.1,9.3,352.0,no
824705,58.1,-11.6,13.4,15.0,no
824948,79.5,7.2,7.3,236.0,no
823164,62.1,15.2,15.4,279.0,no
822761,67.1,0,4.6,51.0,yes
824055,70.8,-6.2,7.9,83.0,no
824217,66.1,1.8,6.5,49.0,no
823246,79.9,0.4,0.9,135.0,no
823084,60.8,0,7.2,355.0,yes
823650,66.8,-0.8,1.8,30.0,no
824542,60.7,0.8,5.5,32.0,no
823814,79.2,0,2.6,59.0,yes
823731,60.4,0,1.4,72.0,yes
823490,60.9,-5.0,11.4,11.0,no
