date,away_team,home_team,away_runs,home_runs,market_total,over_odds,under_odds,home_wrc_plus,away_wrc_plus,home_sp_xfip,away_sp_xfip,home_bullpen_xfip,away_bullpen_xfip,park_factor,temp_f,wind_out_mph
2026-08-25,TBR,DET,1,4,9.0,-110,-110,100.0,100.0,4.2,4.2,4.5,4.5,98,70,0
2026-08-25,BOS,MIA,7,3,6.5,-110,-110,100.0,100.0,4.2,4.2,2.5,2.5,96,70,0
2026-08-25,COL,WSN,3,1,7.5,-110,-110,100.0,100.0,4.2,4.2,3.75,3.75,100,70,0
2026-08-25,HOU,NYY,9,7,6.5,-110,-110,100.0,100.0,4.2,4.2,3.17,3.17,104,70,0
2026-08-25,KCR,TOR,5,3,9.0,-110,-110,100.0,100.0,4.2,4.2,4.38,4.38,101,70,0
2026-08-25,MIL,NYM,2,3,8.5,-110,-110,100.0,100.0,4.2,4.2,4.3,4.3,97,70,0
2026-08-25,LAD,ATL,3,4,8.0,-110,-110,100.0,100.0,4.2,4.2,4.0,4.0,101,70,0
2026-08-25,TEX,CHW,7,11,8.0,-110,-110,100.0,100.0,4.2,4.2,3.93,3.93,101,70,0
2026-08-25,BAL,STL,13,1,9.0,-110,-110,100.0,100.0,4.2,4.2,4.56,4.56,98,70,0
2026-08-25,CLE,LAA,8,6,9.5,-110,-110,100.0,100.0,4.2,4.2,4.83,4.83,99,70,0
2026-08-25,CHC,ARI,4,5,10.0,-110,-110,100.0,100.0,4.2,4.2,5.05,5.05,101,70,0
2026-08-25,PIT,SDP,1,0,9.5,-110,-110,100.0,100.0,4.2,4.2,5.0,5.0,96,70,0
2026-08-25,MIN,ATH,2,4,9.0,-110,-110,100.0,100.0,4.2,4.2,4.62,4.62,98,70,0
2026-08-25,PHI,SEA,1,4,8.5,-110,-110,100.0,100.0,4.2,4.2,4.5,4.5,95,70,0
2026-08-25,CIN,SFG,1,3,8.5,-110,-110,100.0,100.0,4.2,4.2,4.36,4.36,96,70,0
2026-08-26,TBR,DET,3,0,6.5,-110,-110,95.2,23.8,4.2,4.2,1.0,4.0,98,70,0
2026-08-26,CHC,ARI,0,2,9.0,-110,-110,124.0,99.2,4.2,4.2,4.0,5.0,101,70,0
2026-08-26,CIN,SFG,10,9,6.5,-110,-110,77.9,26.0,4.2,4.2,1.0,3.0,96,70,0
2026-08-26,CLE,LAA,4,3,12.5,-110,-110,144.0,192.0,4.2,4.2,8.0,6.0,99,70,0
2026-08-26,PIT,SDP,0,3,6.5,-110,-110,0.0,24.2,4.2,4.2,1.0,0.0,96,70,0
2026-08-26,PHI,SEA,6,0,6.5,-110,-110,100.0,25.0,4.2,4.2,1.0,4.0,95,70,0
2026-08-26,BOS,MIA,0,4,9.5,-110,-110,75.9,177.1,4.2,4.2,7.0,3.0,96,70,0
2026-08-26,COL,WSN,13,1,6.5,-110,-110,25.9,77.6,4.2,4.2,3.0,1.0,100,70,0
2026-08-26,HOU,NYY,3,9,12.5,-110,-110,175.0,225.0,4.2,4.2,9.0,7.0,104,70,0
2026-08-26,KCR,TOR,0,3,8.0,-110,-110,73.5,122.4,4.2,4.2,5.0,3.0,101,70,0
2026-08-26,MIL,NYM,8,1,6.5,-110,-110,75.4,50.3,4.2,4.2,2.0,3.0,97,70,0
2026-08-26,LAD,ATL,5,6,7.0,-110,-110,100.0,75.0,4.2,4.2,3.0,4.0,101,70,0
2026-08-26,TEX,CHW,4,10,12.5,-110,-110,271.2,172.6,4.2,4.2,7.0,11.0,101,70,0
2026-08-26,BAL,STL,8,7,12.5,-110,-110,24.0,312.4,4.2,4.2,13.0,1.0,98,70,0
2026-08-26,MIN,ATH,4,7,6.5,-110,-110,93.5,46.8,4.2,4.2,2.0,4.0,98,70,0
2026-08-27,COL,WSN,1,7,9.0,-110,-110,23.2,185.3,4.2,4.2,8.0,1.0,100,70,0
2026-08-27,BAL,STL,5,7,12.5,-110,-110,92.9,243.8,4.2,4.2,10.5,4.0,98,70,0
2026-08-27,HOU,NYY,5,1,12.5,-110,-110,183.5,137.6,4.2,4.2,6.0,8.0,104,70,0
2026-08-27,KCR,TOR,13,2,6.5,-110,-110,69.5,57.9,4.2,4.2,2.5,3.0,101,70,0
2026-08-27,MIL,NYM,8,2,7.0,-110,-110,45.3,113.3,4.2,4.2,5.0,2.0,97,70,0
2026-08-27,LAD,ATL,0,1,9.0,-110,-110,112.9,90.3,4.2,4.2,4.0,5.0,101,70,0
2026-08-27,ARI,SFG,1,6,8.0,-110,-110,138.9,81.0,4.2,4.2,5.5,2.0,96,70,0
2026-08-28,CIN,CHC,10,8,8.5,-110,-110,46.5,128.0,4.2,4.2,3.5,6.0,102,70,0
2026-08-28,LAD,DET,2,1,6.5,-110,-110,45.2,60.3,4.2,4.2,2.0,3.67,98,70,0
2026-08-28,MIA,WSN,2,9,8.0,-110,-110,69.0,80.5,4.2,4.2,5.67,3.5,100,70,0
2026-08-28,KCR,CLE,3,0,9.5,-110,-110,137.1,137.1,4.2,4.2,4.5,2.67,97,70,0
2026-08-28,HOU,NYM,3,1,9.5,-110,-110,46.5,131.6,4.2,4.2,6.0,5.67,97,70,0
2026-08-28,SDP,TBR,4,9,6.5,-110,-110,47.1,35.3,4.2,4.2,2.0,0.5,98,70,0
2026-08-28,SEA,TOR,1,8,7.0,-110,-110,62.0,46.5,4.2,4.2,6.0,3.5,101,70,0
2026-08-28,COL,ATL,4,6,7.5,-110,-110,85.1,131.6,4.2,4.2,2.67,3.0,101,70,0
2026-08-28,BOS,NYY,0,1,9.5,-110,-110,131.1,81.0,4.2,4.2,5.67,3.5,104,70,0
2026-08-28,TEX,MIL,1,6,12.0,-110,-110,141.5,129.7,4.2,4.2,2.0,10.5,101,70,0
2026-08-28,CHW,MIN,7,4,12.0,-110,-110,71.0,248.6,4.2,4.2,5.5,5.5,99,70,0
2026-08-28,PIT,STL,1,4,7.5,-110,-110,117.6,11.8,4.2,4.2,8.67,1.5,98,70,0
2026-08-28,PHI,LAA,5,3,8.0,-110,-110,106.8,83.1,4.2,4.2,6.0,2.0,99,70,0
2026-08-28,BAL,ATH,4,3,11.0,-110,-110,130.6,205.9,4.2,4.2,3.0,5.0,98,70,0
2026-08-28,ARI,SFG,10,6,7.5,-110,-110,143.0,63.6,4.2,4.2,4.0,3.33,96,70,0
2026-08-29,BOS,NYY,6,0,7.0,-110,-110,105.4,54.7,4.2,4.2,4.25,2.67,104,70,0
2026-08-29,BOS,NYY,2,9,7.0,-110,-110,84.8,76.6,4.2,4.2,4.6,2.0,104,70,0
2026-08-29,LAD,DET,1,2,6.5,-110,-110,39.0,58.6,4.2,4.2,2.0,3.0,98,70,0
2026-08-29,CHW,MIN,3,2,11.5,-110,-110,79.0,221.3,4.2,4.2,6.0,5.0,99,70,0
2026-08-29,PIT,STL,6,2,7.0,-110,-110,113.4,15.9,4.2,4.2,6.75,2.33,98,70,0
2026-08-29,CIN,CHC,5,17,12.0,-110,-110,95.6,167.3,4.2,4.2,5.67,6.67,102,70,0
2026-08-29,SEA,TOR,3,4,8.0,-110,-110,93.0,38.7,4.2,4.2,4.75,5.0,101,70,0
2026-08-29,ARI,SFG,7,1,9.5,-110,-110,139.9,104.9,4.2,4.2,5.5,4.0,96,70,0
2026-08-29,ARI,SFG,2,7,9.0,-110,-110,116.7,116.7,4.2,4.2,5.8,3.4,96,70,0
2026-08-29,MIA,WSN,4,5,9.0,-110,-110,105.0,70.0,4.2,4.2,4.75,5.33,100,70,0
2026-08-29,KCR,CLE,8,3,7.5,-110,-110,93.2,122.4,4.2,4.2,4.0,2.0,97,70,0
2026-08-29,HOU,NYM,2,6,8.0,-110,-110,40.6,116.0,4.2,4.2,5.25,4.5,97,70,0
2026-08-29,SDP,TBR,6,7,6.5,-110,-110,100.7,54.2,4.2,4.2,2.67,3.33,98,70,0
2026-08-29,COL,ATL,1,2,8.0,-110,-110,98.0,121.0,4.2,4.2,3.0,3.75,101,70,0
2026-08-29,TEX,MIL,3,5,10.5,-110,-110,139.7,93.1,4.2,4.2,1.75,9.0,101,70,0
2026-08-29,BAL,ATH,5,3,10.0,-110,-110,108.8,174.8,4.2,4.2,3.33,4.5,98,70,0
2026-08-29,PHI,LAA,4,2,8.0,-110,-110,93.3,93.3,4.2,4.2,5.67,2.33,99,70,0
2026-08-30,MIA,WSN,6,2,9.0,-110,-110,107.8,76.1,4.2,4.2,4.6,5.25,100,70,0
2026-08-30,COL,ATL,2,3,7.0,-110,-110,89.1,103.2,4.2,4.2,2.6,3.4,101,70,0
2026-08-30,BOS,NYY,1,16,8.0,-110,-110,106.1,70.8,4.2,4.2,4.17,3.4,104,70,0
2026-08-30,SEA,TOR,0,7,7.5,-110,-110,93.1,46.5,4.2,4.2,4.4,4.75,101,70,0
2026-08-30,KCR,CLE,1,11,8.0,-110,-110,87.5,135.3,4.2,4.2,5.0,2.2,97,70,0
2026-08-30,LAD,DET,6,1,6.5,-110,-110,40.6,51.0,4.2,4.2,1.75,2.8,98,70,0
2026-08-30,SDP,TBR,4,5,8.0,-110,-110,116.3,75.6,4.2,4.2,3.5,4.25,98,70,0
2026-08-30,CHW,MIN,1,5,10.0,-110,-110,69.7,180.1,4.2,4.2,5.25,4.25,99,70,0
2026-08-30,TEX,MIL,7,4,10.0,-110,-110,135.3,87.5,4.2,4.2,2.0,8.0,101,70,0
2026-08-30,PIT,STL,5,4,7.5,-110,-110,97.6,46.5,4.2,4.2,6.6,2.25,98,70,0
2026-08-30,HOU,NYM,6,3,8.0,-110,-110,60.4,102.2,4.2,4.2,4.6,4.8,97,70,0
2026-08-30,BAL,ATH,8,5,9.5,-110,-110,98.7,162.6,4.2,4.2,3.75,4.2,98,70,0
2026-08-30,PHI,LAA,5,2,7.5,-110,-110,80.8,92.3,4.2,4.2,5.25,2.25,99,70,0
2026-08-30,CIN,CHC,7,5,12.5,-110,-110,167.7,150.4,4.2,4.2,5.5,9.25,102,70,0
2026-08-31,SFG,ATL,7,3,8.5,-110,-110,84.4,122.8,4.2,4.2,2.5,5.17,101,70,0
2026-08-31,SDP,CIN,5,0,12.0,-110,-110,151.7,78.1,4.2,4.2,8.4,4.4,107,70,0
2026-08-31,NYM,TBR,3,2,8.0,-110,-110,115.5,61.6,4.2,4.2,3.6,4.83,98,70,0
2026-08-31,SEA,BOS,8,9,8.0,-110,-110,61.9,37.1,4.2,4.2,5.5,5.2,105,70,0
2026-08-31,MIA,WSN,3,6,8.5,-110,-110,95.6,87.2,4.2,4.2,4.83,4.6,100,70,0
2026-08-31,DET,MIN,1,11,6.5,-110,-110,78.0,36.7,4.2,4.2,4.4,2.6,99,70,0
2026-08-31,MIL,CHC,3,17,10.5,-110,-110,155.4,125.7,4.2,4.2,5.8,2.83,102,70,0
2026-08-31,ATH,TEX,1,8,10.5,-110,-110,99.1,99.1,4.2,4.2,7.2,4.6,103,70,0
2026-08-31,CHW,HOU,3,6,10.0,-110,-110,105.1,144.2,4.2,4.2,4.5,4.4,99,70,0
2026-08-31,BAL,COL,2,1,11.0,-110,-110,90.1,161.4,4.2,4.2,3.33,4.33,116,70,0
2026-08-31,NYY,LAA,1,10,9.0,-110,-110,72.6,139.3,4.2,4.2,5.2,3.71,99,70,0
2026-08-31,PHI,ARI,2,1,7.5,-110,-110,101.8,95.0,4.2,4.2,4.0,2.2,101,70,0
2026-09-01,SDP,CIN,3,4,11.0,-110,-110,125.3,83.5,4.2,4.2,7.83,3.67,107,70,0
2026-09-01,SFG,PIT,12,13,7.5,-110,-110,59.4,127.2,4.2,4.2,2.6,4.86,96,70,0
2026-09-01,NYM,TBR,2,6,7.5,-110,-110,100.8,60.8,4.2,4.2,3.5,4.43,98,70,0
2026-09-01,TOR,CLE,1,6,8.5,-110,-110,116.6,100.9,4.2,4.2,4.2,3.67,97,70,0
2026-09-01,SEA,BOS,9,6,9.5,-110,-110,80.3,59.9,4.2,4.2,5.86,5.83,105,70,0
2026-09-01,ATL,WSN,5,9,8.0,-110,-110,98.9,79.7,4.2,4.2,4.57,3.14,100,70,0
2026-09-01,DET,MIN,2,15,7.0,-110,-110,103.6,33.3,4.2,4.2,3.83,4.0,99,70,0
2026-09-01,MIA,KCR,6,3,8.5,-110,-110,110.0,80.7,4.2,4.2,3.67,4.83,101,70,0
2026-09-01,MIL,CHC,9,4,12.0,-110,-110,187.1,113.2,4.2,4.2,5.33,4.86,102,70,0
2026-09-01,ATH,TEX,5,8,10.5,-110,-110,109.6,84.0,4.2,4.2,6.17,5.17,103,70,0
2026-09-01,CHW,HOU,5,1,9.5,-110,-110,106.0,127.3,4.2,4.2,4.29,4.67,99,70,0
2026-09-01,BAL,COL,2,4,10.0,-110,-110,78.2,140.8,4.2,4.2,3.14,3.86,116,70,0
2026-09-01,NYY,LAA,7,3,9.5,-110,-110,95.2,120.8,4.2,4.2,4.5,4.5,99,70,0
2026-09-01,PHI,ARI,7,1,7.0,-110,-110,87.8,84.1,4.2,4.2,3.71,2.0,101,70,0
2026-09-01,STL,LAD,13,8,8.0,-110,-110,62.3,91.6,4.2,4.2,2.5,6.33,100,70,0
2026-09-02,SDP,CIN,3,7,10.5,-110,-110,114.8,77.6,4.2,4.2,7.14,3.71,107,70,0
2026-09-02,ATL,WSN,9,0,8.5,-110,-110,108.5,81.4,4.2,4.2,4.62,3.88,100,70,0
2026-09-02,ATH,TEX,9,2,11.0,-110,-110,117.8,86.8,4.2,4.2,6.0,5.57,103,70,0
2026-09-02,BAL,COL,5,6,9.5,-110,-110,78.5,127.3,4.2,4.2,3.0,3.88,116,70,0
2026-09-02,PHI,ARI,0,1,7.0,-110,-110,78.4,92.7,4.2,4.2,4.12,1.86,101,70,0
2026-09-02,SEA,BOS,8,3,10.5,-110,-110,84.5,77.9,4.2,4.2,6.25,5.86,105,70,0
2026-09-02,SFG,PIT,5,4,10.0,-110,-110,94.3,138.7,4.2,4.2,4.17,5.88,96,70,0
2026-09-02,NYM,TBR,10,4,7.5,-110,-110,102.6,57.1,4.2,4.2,3.29,4.62,98,70,0
2026-09-02,TOR,CLE,11,0,8.0,-110,-110,115.6,86.7,4.2,4.2,3.67,4.0,97,70,0
2026-09-02,DET,MIN,11,6,8.5,-110,-110,132.9,34.0,4.2,4.2,3.57,5.57,99,70,0
2026-09-02,MIA,KCR,9,6,8.5,-110,-110,101.3,85.9,4.2,4.2,4.0,4.57,101,70,0
2026-09-02,MIL,CHC,9,5,12.5,-110,-110,168.0,120.3,4.2,4.2,5.86,4.75,102,70,0
2026-09-02,CHW,HOU,0,2,9.0,-110,-110,93.2,121.7,4.2,4.2,4.38,4.14,99,70,0
2026-09-02,NYY,LAA,6,3,9.5,-110,-110,88.8,121.4,4.2,4.2,4.86,4.33,99,70,0
2026-09-02,STL,LAD,8,6,10.0,-110,-110,76.6,116.4,4.2,4.2,4.0,6.57,100,70,0
2026-09-03,SFG,PIT,2,5,10.0,-110,-110,91.5,132.8,4.2,4.2,4.29,5.67,96,70,0
2026-09-03,TOR,CLE,6,3,8.5,-110,-110,97.8,104.3,4.2,4.2,4.71,3.5,97,70,0
2026-09-03,CHW,HOU,2,6,8.5,-110,-110,88.0,107.0,4.2,4.2,3.89,3.88,99,70,0
2026-09-03,BOS,BAL,6,5,10.0,-110,-110,123.8,80.9,4.2,4.2,4.11,6.44,98,70,0
2026-09-03,MIL,CHC,1,2,12.5,-110,-110,160.4,128.4,4.2,4.2,6.25,4.78,102,70,0
2026-09-03,MIA,KCR,3,7,9.5,-110,-110,104.8,99.5,4.2,4.2,4.62,4.75,101,70,0
2026-09-03,TBR,TEX,0,6,10.5,-110,-110,107.5,99.4,4.2,4.2,6.38,4.12,103,70,0
2026-09-03,ATH,SEA,7,4,9.0,-110,-110,88.9,99.7,4.2,4.2,5.5,5.12,95,70,0
2026-09-03,STL,LAD,2,3,10.5,-110,-110,83.4,123.7,4.2,4.2,4.5,6.5,100,70,0
2026-09-04,DET,CLE,6,7,8.5,-110,-110,94.5,59.4,4.2,4.2,4.88,5.62,97,70,0
2026-09-04,DET,CLE,3,4,9.0,-110,-110,100.5,67.0,4.2,4.2,5.0,5.78,97,70,0
2026-09-04,MIL,CIN,10,7,12.0,-110,-110,118.6,118.6,4.2,4.2,6.62,4.5,107,70,0
2026-09-04,ATL,PHI,5,2,7.0,-110,-110,80.4,92.9,4.2,4.2,1.75,3.44,103,70,0
2026-09-04,LAA,PIT,0,1,8.5,-110,-110,94.0,85.9,4.2,4.2,4.0,5.0,96,70,0
2026-09-04,BOS,BAL,1,0,10.0,-110,-110,123.2,86.5,4.2,4.2,4.3,6.3,98,70,0
2026-09-04,SFG,NYM,6,10,9.5,-110,-110,74.9,126.2,4.2,4.2,4.56,5.6,97,70,0
2026-09-04,CHC,MIA,6,1,10.5,-110,-110,96.2,149.1,4.2,4.2,5.0,5.67,96,70,0
2026-09-04,MIN,CHW,1,4,10.0,-110,-110,101.2,132.8,4.2,4.2,4.11,4.5,101,70,0
2026-09-04,TBR,TEX,7,6,10.0,-110,-110,111.2,89.4,4.2,4.2,5.67,4.33,103,70,0
2026-09-04,ARI,HOU,1,3,7.5,-110,-110,93.3,72.3,4.2,4.2,3.7,3.67,99,70,0
2026-09-04,TOR,KCR,9,2,9.0,-110,-110,111.3,108.9,4.2,4.2,4.44,3.44,101,70,0
2026-09-04,STL,COL,7,6,11.0,-110,-110,84.6,116.0,4.2,4.2,3.22,6.11,116,70,0
2026-09-04,NYY,SDP,2,3,8.5,-110,-110,75.9,123.6,4.2,4.2,4.12,4.2,96,70,0
2026-09-04,WSN,LAD,3,5,9.0,-110,-110,82.2,96.7,4.2,4.2,4.22,5.11,100,70,0
2026-09-04,ATH,SEA,7,6,9.5,-110,-110,89.5,106.4,4.2,4.2,5.67,5.0,95,70,0
2026-09-05,SFG,NYM,9,5,10.0,-110,-110,89.0,126.3,4.2,4.2,4.7,6.0,97,70,0
2026-09-05,CHC,MIA,6,5,10.0,-110,-110,88.7,147.1,4.2,4.2,5.1,5.2,96,70,0
2026-09-05,ATL,PHI,2,4,7.0,-110,-110,76.8,95.1,4.2,4.2,2.11,3.3,103,70,0
2026-09-05,DET,CLE,6,0,9.0,-110,-110,99.6,67.1,4.2,4.2,4.8,5.6,97,70,0
2026-09-05,LAA,PIT,6,1,7.5,-110,-110,86.8,77.2,4.2,4.2,3.56,4.56,96,70,0
2026-09-05,MIL,CIN,3,5,12.5,-110,-110,123.2,128.5,4.2,4.2,7.0,4.73,107,70,0
2026-09-05,BOS,BAL,5,0,9.0,-110,-110,112.7,81.1,4.2,4.2,4.0,5.73,98,70,0
2026-09-05,TBR,TEX,6,3,10.0,-110,-110,113.5,96.0,4.2,4.2,5.8,4.5,103,70,0
2026-09-05,TOR,KCR,4,3,9.5,-110,-110,104.8,117.8,4.2,4.2,4.9,3.3,101,70,0
2026-09-05,MIN,CHW,6,4,9.5,-110,-110,100.5,121.4,4.2,4.2,3.8,4.44,101,70,0
2026-09-05,ARI,HOU,4,3,7.0,-110,-110,91.3,67.7,4.2,4.2,3.45,3.6,99,70,0
2026-09-05,NYY,SDP,5,1,8.0,-110,-110,75.3,117.3,4.2,4.2,3.89,4.09,96,70,0
2026-09-05,STL,COL,7,10,11.0,-110,-110,89.9,120.6,4.2,4.2,3.6,6.1,116,70,0
2026-09-05,WSN,LAD,5,6,8.5,-110,-110,85.0,93.8,4.2,4.2,4.1,5.1,100,70,0
2026-09-05,ATH,SEA,6,2,9.5,-110,-110,93.7,111.1,4.2,4.2,5.8,5.1,95,70,0
2026-09-06,MIL,CIN,8,12,12.0,-110,-110,122.1,123.5,4.2,4.2,6.6,4.75,107,70,0
2026-09-06,ATL,PHI,5,4,7.0,-110,-110,77.9,90.5,4.2,4.2,2.1,3.36,103,70,0
2026-09-06,BOS,BAL,3,1,9.0,-110,-110,102.8,83.0,4.2,4.2,4.08,5.25,98,70,0
2026-09-06,LAA,PIT,0,1,7.5,-110,-110,80.4,82.5,4.2,4.2,3.8,4.2,96,70,0
2026-09-06,DET,CLE,2,3,8.5,-110,-110,91.3,73.4,4.2,4.2,4.91,5.09,97,70,0
2026-09-06,SFG,NYM,2,4,10.5,-110,-110,91.6,133.2,4.2,4.2,5.09,5.92,97,70,0
2026-09-06,CHC,MIA,3,10,10.0,-110,-110,91.7,147.6,4.2,4.2,5.18,5.18,96,70,0
2026-09-06,ARI,HOU,3,2,7.0,-110,-110,89.4,69.6,4.2,4.2,3.5,3.55,99,70,0
2026-09-06,TOR,KCR,1,6,9.0,-110,-110,101.7,115.7,4.2,4.2,4.82,3.27,101,70,0
2026-09-06,TBR,TEX,6,8,10.0,-110,-110,109.8,99.9,4.2,4.2,5.82,4.36,103,70,0
2026-09-06,STL,COL,10,8,12.0,-110,-110,101.5,123.4,4.2,4.2,3.91,6.45,116,70,0
2026-09-06,ATH,SEA,0,2,9.5,-110,-110,89.1,112.9,4.2,4.2,5.82,4.82,95,70,0
2026-09-06,NYY,SDP,3,4,8.0,-110,-110,70.0,116.7,4.2,4.2,4.0,3.83,96,70,0
2026-09-06,MIN,CHW,1,10,9.5,-110,-110,99.6,122.7,4.2,4.2,4.0,4.4,101,70,0
2026-09-06,WSN,LAD,5,7,9.0,-110,-110,89.5,95.5,4.2,4.2,4.18,5.18,100,70,0
2026-09-07,ATL,PHI,0,1,7.0,-110,-110,79.4,92.8,4.2,4.2,2.36,3.42,103,70,0
2026-09-07,NYM,MIA,9,4,9.0,-110,-110,102.4,91.5,4.2,4.2,5.0,4.83,96,70,0
2026-09-07,LAA,BOS,2,5,8.5,-110,-110,82.6,75.7,4.2,4.2,4.92,3.91,105,70,0
2026-09-07,CLE,BAL,4,6,8.5,-110,-110,97.8,89.5,4.2,4.2,4.0,4.67,98,70,0
2026-09-07,ARI,KCR,5,4,8.0,-110,-110,104.1,69.4,4.2,4.2,4.5,3.42,101,70,0
2026-09-07,CHC,MIL,3,4,11.5,-110,-110,128.1,140.6,4.2,4.2,5.31,5.58,101,70,0
2026-09-07,MIN,DET,4,5,9.0,-110,-110,71.3,113.7,4.2,4.2,4.92,4.91,98,70,0
2026-09-07,WSN,SDP,2,3,8.0,-110,-110,71.8,96.9,4.2,4.2,3.91,5.33,96,70,0
2026-09-07,STL,SFG,4,5,11.5,-110,-110,126.9,132.0,4.2,4.2,5.77,6.58,96,70,0
2026-09-07,CIN,LAD,3,6,10.5,-110,-110,95.3,136.0,4.2,4.2,4.25,6.73,100,70,0
2026-09-07,TOR,ATH,5,6,8.5,-110,-110,104.5,108.2,4.2,4.2,4.58,3.5,98,70,0
2026-09-08,CLE,BAL,9,5,8.5,-110,-110,100.5,89.6,4.2,4.2,4.0,4.77,98,70,0
2026-09-08,MIN,DET,3,2,9.0,-110,-110,74.2,111.4,4.2,4.2,4.85,4.92,98,70,0
2026-09-08,HOU,PHI,6,5,6.5,-110,-110,75.1,86.2,4.2,4.2,2.17,3.46,103,70,0
2026-09-08,NYM,MIA,7,5,9.0,-110,-110,101.3,99.6,4.2,4.2,5.31,4.77,96,70,0
2026-09-08,LAA,BOS,6,1,8.5,-110,-110,84.5,73.0,4.2,4.2,4.71,4.0,105,70,0
2026-09-08,COL,NYY,3,5,9.5,-110,-110,113.1,107.9,4.2,4.2,3.85,4.42,104,70,0
2026-09-08,TBR,ATL,7,1,8.5,-110,-110,86.1,102.4,4.2,4.2,3.23,4.67,101,70,0
2026-09-08,ARI,KCR,5,3,8.0,-110,-110,103.1,72.6,4.2,4.2,4.54,3.46,101,70,0
2026-09-08,PIT,CHW,9,3,8.0,-110,-110,109.9,75.9,4.2,4.2,3.75,3.45,101,70,0
2026-09-08,CHC,MIL,3,4,11.5,-110,-110,125.4,135.0,4.2,4.2,5.14,5.46,101,70,0
2026-09-08,WSN,SDP,4,5,8.0,-110,-110,71.4,92.9,4.2,4.2,3.75,5.15,96,70,0
2026-09-08,TEX,SEA,10,5,9.5,-110,-110,86.0,115.3,4.2,4.2,5.33,5.83,95,70,0
2026-09-08,TOR,ATH,4,2,9.0,-110,-110,106.1,107.8,4.2,4.2,4.62,3.69,98,70,0
2026-09-08,STL,SFG,1,2,11.5,-110,-110,125.3,128.2,4.2,4.2,5.64,6.46,96,70,0
2026-09-08,CIN,LAD,2,3,10.5,-110,-110,98.2,130.2,4.2,4.2,4.15,6.67,100,70,0
2026-09-09,MIN,DET,2,7,8.5,-110,-110,72.5,108.6,4.2,4.2,4.71,4.69,98,70,0
2026-09-09,TOR,ATH,0,2,8.5,-110,-110,102.4,107.1,4.2,4.2,4.57,3.57,98,70,0
2026-09-09,STL,SFG,6,7,11.0,-110,-110,121.0,121.8,4.2,4.2,5.33,6.14,96,70,0
2026-09-09,WSN,SDP,2,9,8.0,-110,-110,74.8,93.1,4.2,4.2,3.77,5.14,96,70,0
2026-09-09,TEX,SEA,2,3,10.0,-110,-110,88.3,123.9,4.2,4.2,5.69,5.77,95,70,0
2026-09-09,CLE,BAL,5,9,9.0,-110,-110,101.7,97.9,4.2,4.2,4.33,4.79,98,70,0
2026-09-09,HOU,PHI,7,11,7.0,-110,-110,78.1,89.8,4.2,4.2,2.46,3.57,103,70,0
2026-09-09,NYM,MIA,15,14,9.5,-110,-110,102.0,103.5,4.2,4.2,5.43,4.79,96,70,0
2026-09-09,LAA,BOS,6,4,8.5,-110,-110,79.7,76.9,4.2,4.2,4.8,3.77,105,70,0
2026-09-09,COL,NYY,1,6,9.5,-110,-110,111.7,103.6,4.2,4.2,3.79,4.46,104,70,0
2026-09-09,TBR,ATL,7,2,8.5,-110,-110,80.8,105.4,4.2,4.2,3.5,4.38,101,70,0
2026-09-09,ARI,KCR,2,5,8.0,-110,-110,99.4,74.6,4.2,4.2,4.57,3.43,101,70,0
2026-09-09,PIT,CHW,4,2,8.0,-110,-110,105.5,85.3,4.2,4.2,4.15,3.42,101,70,0
2026-09-09,CHC,MIL,6,8,11.0,-110,-110,122.2,129.3,4.2,4.2,5.0,5.36,101,70,0
2026-09-09,CIN,LAD,1,14,10.0,-110,-110,94.8,122.2,4.2,4.2,4.0,6.38,100,70,0
2026-09-10,TBR,ATL,1,3,8.5,-110,-110,78.1,108.5,4.2,4.2,3.73,4.21,101,70,0
2026-09-10,HOU,PHI,2,1,8.0,-110,-110,88.6,92.8,4.2,4.2,2.79,4.07,103,70,0
2026-09-10,TEX,SEA,3,4,9.5,-110,-110,85.7,116.9,4.2,4.2,5.43,5.57,95,70,0
2026-09-10,COL,NYY,3,10,9.5,-110,-110,113.6,98.3,4.2,4.2,3.6,4.57,104,70,0
2026-09-10,PIT,CHW,2,0,8.0,-110,-110,101.2,85.5,4.2,4.2,4.14,3.31,101,70,0
2026-09-11,PIT,CHC,2,12,9.5,-110,-110,129.8,82.8,4.2,4.2,5.53,3.07,102,70,0
2026-09-11,COL,DET,2,6,8.5,-110,-110,77.1,96.0,4.2,4.2,4.53,4.93,98,70,0
2026-09-11,LAA,WSN,3,4,8.5,-110,-110,88.8,81.1,4.2,4.2,5.4,3.79,100,70,0
2026-09-11,NYM,NYY,4,6,10.5,-110,-110,120.2,118.1,4.2,4.2,3.56,5.4,104,70,0
2026-09-11,BAL,TOR,7,4,8.5,-110,-110,99.1,106.5,4.2,4.2,3.47,4.38,101,70,0
2026-09-11,KCR,BOS,3,2,9.0,-110,-110,80.5,100.4,4.2,4.2,4.88,4.4,105,70,0
2026-09-11,HOU,TBR,1,3,8.5,-110,-110,103.5,90.2,4.2,4.2,4.13,3.88,98,70,0
2026-09-11,LAD,MIA,6,2,9.5,-110,-110,115.5,109.6,4.2,4.2,6.07,3.8,96,70,0
2026-09-11,PHI,ATL,5,6,7.0,-110,-110,78.2,84.8,4.2,4.2,3.56,2.73,101,70,0
2026-09-11,CIN,MIL,0,20,11.5,-110,-110,126.0,115.9,4.2,4.2,5.06,6.93,101,70,0
2026-09-11,CLE,MIN,5,2,9.5,-110,-110,102.8,97.4,4.2,4.2,4.86,5.07,99,70,0
2026-09-11,CHW,STL,3,7,10.0,-110,-110,120.8,94.6,4.2,4.2,6.2,4.0,98,70,0
2026-09-11,SEA,ATH,5,6,9.0,-110,-110,97.5,85.8,4.2,4.2,4.27,5.27,98,70,0
2026-09-11,TEX,ARI,1,9,9.0,-110,-110,72.7,113.4,4.2,4.2,3.53,5.47,101,70,0
2026-09-11,SDP,SFG,7,5,9.0,-110,-110,121.3,82.5,4.2,4.2,5.38,3.64,96,70,0
2026-09-12,COL,DET,7,11,8.5,-110,-110,80.3,92.5,4.2,4.2,4.38,5.0,98,70,0
2026-09-12,NYM,NYY,12,2,10.5,-110,-110,119.9,115.2,4.2,4.2,3.59,5.44,104,70,0
2026-09-12,PIT,CHC,3,4,9.5,-110,-110,136.6,79.3,4.2,4.2,5.31,3.67,102,70,0
2026-09-12,BAL,TOR,3,7,9.0,-110,-110,97.5,108.3,4.2,4.2,3.69,4.35,101,70,0
2026-09-12,LAA,WSN,5,6,8.5,-110,-110,88.0,79.4,4.2,4.2,5.25,3.8,100,70,0
2026-09-12,SDP,SFG,7,6,9.0,-110,-110,119.6,86.5,4.2,4.2,5.47,3.73,96,70,0
2026-09-12,KCR,BOS,1,5,9.0,-110,-110,77.5,97.2,4.2,4.2,4.76,4.25,105,70,0
2026-09-12,CLE,MIN,3,4,9.5,-110,-110,98.1,97.3,4.2,4.2,4.87,4.88,99,70,0
2026-09-12,LAD,MIA,3,4,9.5,-110,-110,109.6,109.6,4.2,4.2,6.06,3.69,96,70,0
2026-09-12,HOU,TBR,2,3,8.0,-110,-110,100.2,85.4,4.2,4.2,3.94,3.82,98,70,0
2026-09-12,CIN,MIL,9,13,12.0,-110,-110,143.0,107.1,4.2,4.2,4.76,7.8,101,70,0
2026-09-12,PHI,ATL,2,12,7.0,-110,-110,80.0,85.0,4.2,4.2,3.65,2.94,101,70,0
2026-09-12,CHW,STL,6,5,10.0,-110,-110,121.2,91.6,4.2,4.2,6.0,4.19,98,70,0
2026-09-12,TEX,ARI,6,2,9.0,-110,-110,79.4,106.3,4.2,4.2,3.38,5.69,101,70,0
2026-09-12,SEA,ATH,19,1,9.0,-110,-110,98.3,86.2,4.2,4.2,4.31,5.31,98,70,0
2026-09-13,COL,DET,1,8,9.0,-110,-110,88.3,94.6,4.2,4.2,4.53,5.35,98,70,0
2026-09-13,LAA,WSN,5,6,8.5,-110,-110,89.6,80.4,4.2,4.2,5.24,3.94,100,70,0
2026-09-13,PHI,ATL,9,4,7.5,-110,-110,89.3,82.0,4.2,4.2,3.56,3.47,101,70,0
2026-09-13,NYM,NYY,0,2,10.5,-110,-110,114.2,122.1,4.2,4.2,4.06,5.24,104,70,0
2026-09-13,BAL,TOR,1,8,9.0,-110,-110,99.8,105.0,4.2,4.2,3.65,4.5,101,70,0
2026-09-13,HOU,TBR,4,14,8.0,-110,-110,97.3,82.3,4.2,4.2,3.82,3.78,98,70,0
2026-09-13,LAD,MIA,4,6,9.5,-110,-110,107.0,105.7,4.2,4.2,5.88,3.71,96,70,0
2026-09-13,CLE,MIN,9,2,9.0,-110,-110,96.3,94.4,4.2,4.2,4.75,4.82,99,70,0
2026-09-13,CIN,MIL,4,3,12.5,-110,-110,148.4,110.9,4.2,4.2,5.0,8.12,101,70,0
2026-09-13,CHW,STL,1,3,10.0,-110,-110,119.6,93.1,4.2,4.2,6.0,4.24,98,70,0
2026-09-13,PIT,CHC,4,3,9.5,-110,-110,132.4,77.7,4.2,4.2,5.18,3.69,102,70,0
2026-09-13,KCR,BOS,1,4,9.0,-110,-110,78.7,92.2,4.2,4.2,4.56,4.29,105,70,0
2026-09-13,SEA,ATH,7,8,9.5,-110,-110,93.6,105.0,4.2,4.2,5.18,5.06,98,70,0
2026-09-13,TEX,ARI,7,6,9.0,-110,-110,77.0,107.3,4.2,4.2,3.53,5.47,101,70,0
2026-09-13,SDP,SFG,6,4,9.0,-110,-110,119.0,89.7,4.2,4.2,5.56,3.88,96,70,0
2026-09-14,LAD,CIN,4,1,11.5,-110,-110,109.6,104.7,4.2,4.2,7.82,3.83,107,70,0
2026-09-14,CHW,CLE,7,3,8.5,-110,-110,100.1,89.4,4.2,4.2,4.67,4.17,97,70,0
2026-09-14,DET,TOR,6,5,8.5,-110,-110,103.7,92.9,4.2,4.2,3.5,4.33,101,70,0
2026-09-14,BAL,NYM,2,1,9.5,-110,-110,115.5,100.4,4.2,4.2,5.06,4.68,97,70,0
2026-09-14,ATL,CHC,3,7,9.5,-110,-110,128.9,89.3,4.2,4.2,5.11,3.84,102,70,0
2026-09-14,NYY,MIN,8,3,9.0,-110,-110,93.5,110.8,4.2,4.2,5.0,3.84,99,70,0
2026-09-14,SFG,STL,1,2,11.0,-110,-110,116.9,117.5,4.2,4.2,5.72,5.58,98,70,0
2026-09-14,SDP,COL,8,7,10.5,-110,-110,90.8,92.4,4.2,4.2,5.5,3.88,116,70,0
2026-09-14,SEA,LAA,4,6,9.0,-110,-110,82.1,107.3,4.2,4.2,4.06,5.22,99,70,0
2026-09-14,MIA,ARI,7,8,9.0,-110,-110,79.9,108.5,4.2,4.2,3.72,5.78,101,70,0
2026-09-15,LAD,CIN,4,0,11.0,-110,-110,104.7,103.7,4.2,4.2,7.61,3.68,107,70,0
2026-09-15,ATH,TBR,1,2,9.0,-110,-110,108.5,97.8,4.2,4.2,3.83,5.28,98,70,0
2026-09-15,CHW,CLE,6,7,8.5,-110,-110,98.5,92.8,4.2,4.2,4.79,4.11,97,70,0
2026-09-15,MIL,PIT,5,1,9.0,-110,-110,78.3,144.7,4.2,4.2,3.65,4.95,96,70,0
2026-09-15,PHI,WSN,3,6,8.5,-110,-110,92.0,88.4,4.2,4.2,5.22,3.5,100,70,0
2026-09-15,DET,TOR,10,1,8.5,-110,-110,104.2,95.1,4.2,4.2,3.63,4.37,101,70,0
2026-09-15,BAL,NYM,7,5,9.5,-110,-110,110.9,97.8,4.2,4.2,4.89,4.5,97,70,0
2026-09-15,ATL,CHC,6,3,10.0,-110,-110,130.0,88.1,4.2,4.2,5.0,4.0,102,70,0
2026-09-15,NYY,MIN,8,1,9.0,-110,-110,91.9,113.8,4.2,4.2,5.17,3.8,99,70,0
2026-09-15,SFG,STL,10,3,10.5,-110,-110,113.1,112.8,4.2,4.2,5.47,5.4,98,70,0
2026-09-15,BOS,TEX,2,4,9.5,-110,-110,109.6,79.0,4.2,4.2,5.5,4.37,103,70,0
2026-09-15,KCR,HOU,2,4,8.0,-110,-110,82.5,88.3,4.2,4.2,4.32,4.28,99,70,0
2026-09-15,SDP,COL,3,9,11.0,-110,-110,93.9,96.8,4.2,4.2,5.63,4.06,116,70,0
2026-09-15,SEA,LAA,1,2,9.0,-110,-110,84.7,106.3,4.2,4.2,4.06,5.26,99,70,0
2026-09-15,MIA,ARI,4,2,9.5,-110,-110,85.0,111.1,4.2,4.2,3.89,5.89,101,70,0
2026-09-16,CHW,CLE,3,6,9.0,-110,-110,101.3,94.9,4.2,4.2,4.85,4.25,97,70,0
2026-09-16,SFG,STL,6,5,10.5,-110,-110,111.0,118.1,4.2,4.2,5.7,5.29,98,70,0
2026-09-16,NYY,MIN,4,5,9.0,-110,-110,88.5,117.0,4.2,4.2,5.32,3.67,99,70,0
2026-09-16,DET,TOR,1,5,9.0,-110,-110,100.2,101.3,4.2,4.2,3.95,4.2,101,70,0
2026-09-16,LAD,CIN,2,6,11.0,-110,-110,99.9,103.6,4.2,4.2,7.42,3.5,107,70,0
2026-09-16,ATH,TBR,3,4,9.0,-110,-110,105.7,94.3,4.2,4.2,3.68,5.11,98,70,0
2026-09-16,MIL,PIT,5,4,9.0,-110,-110,75.6,143.7,4.2,4.2,3.72,4.75,96,70,0
2026-09-16,PHI,WSN,3,0,8.5,-110,-110,94.4,87.6,4.2,4.2,5.11,3.63,100,70,0
2026-09-16,BAL,NYM,7,1,9.5,-110,-110,111.5,101.0,4.2,4.2,5.0,4.52,97,70,0
2026-09-16,ATL,CHC,4,8,9.5,-110,-110,127.8,90.8,4.2,4.2,5.05,3.95,102,70,0
2026-09-16,BOS,TEX,3,7,9.5,-110,-110,109.3,77.9,4.2,4.2,5.32,4.35,103,70,0
2026-09-16,KCR,HOU,5,2,8.0,-110,-110,83.3,86.5,4.2,4.2,4.2,4.26,99,70,0
2026-09-16,SDP,COL,9,3,11.0,-110,-110,99.6,95.7,4.2,4.2,5.5,4.32,116,70,0
2026-09-16,SEA,LAA,7,2,8.5,-110,-110,83.1,102.7,4.2,4.2,3.89,5.1,99,70,0
2026-09-16,MIA,ARI,4,3,9.5,-110,-110,83.3,110.3,4.2,4.2,3.9,5.7,101,70,0
2026-09-17,MIL,PIT,4,7,9.0,-110,-110,76.3,142.3,4.2,4.2,3.79,4.71,96,70,0
2026-09-17,LAD,CIN,8,2,11.0,-110,-110,101.7,101.0,4.2,4.2,7.15,3.62,107,70,0
2026-09-17,ATH,TBR,1,10,8.5,-110,-110,104.9,93.0,4.2,4.2,3.65,5.05,98,70,0
2026-09-17,SDP,COL,9,2,11.0,-110,-110,97.8,100.5,4.2,4.2,5.67,4.25,116,70,0
2026-09-17,KCR,HOU,2,6,8.0,-110,-110,81.3,87.5,4.2,4.2,4.24,4.15,99,70,0
2026-09-17,PHI,NYM,3,0,8.5,-110,-110,107.0,86.5,4.2,4.2,5.1,3.45,97,70,0
2026-09-17,DET,CHW,1,3,9.0,-110,-110,93.9,98.0,4.2,4.2,4.33,4.24,101,70,0
2026-09-17,BOS,TEX,4,3,9.5,-110,-110,111.8,77.5,4.2,4.2,5.2,4.48,103,70,0
2026-09-17,MIN,LAA,4,5,8.5,-110,-110,81.4,90.1,4.2,4.2,4.05,5.25,99,70,0
2026-09-18,CHC,CIN,4,6,12.0,-110,-110,99.3,130.3,4.2,4.2,7.19,5.0,107,70,0
2026-09-18,KCR,PIT,5,8,7.5,-110,-110,80.3,85.8,4.2,4.2,3.8,4.24,96,70,0
2026-09-18,MIL,BAL,6,5,10.0,-110,-110,103.5,140.0,4.2,4.2,4.36,4.82,98,70,0
2026-09-18,ATH,CLE,3,5,9.0,-110,-110,103.2,89.8,4.2,4.2,4.76,5.29,97,70,0
2026-09-18,BOS,TBR,4,2,8.0,-110,-110,110.5,77.8,4.2,4.2,3.52,4.41,98,70,0
2026-09-18,PHI,NYM,3,6,8.0,-110,-110,102.6,85.8,4.2,4.2,5.0,3.29,97,70,0
2026-09-18,DET,CHW,11,8,8.5,-110,-110,92.7,94.7,4.2,4.2,4.18,4.18,101,70,0
2026-09-18,TOR,TEX,1,7,9.5,-110,-110,109.2,101.0,4.2,4.2,5.14,3.81,103,70,0
2026-09-18,SEA,COL,5,4,11.5,-110,-110,95.4,105.1,4.2,4.2,5.82,4.95,116,70,0
2026-09-18,ATL,HOU,6,2,8.0,-110,-110,83.6,90.5,4.2,4.2,4.14,4.14,99,70,0
2026-09-18,WSN,STL,9,1,10.0,-110,-110,111.4,89.9,4.2,4.2,5.71,5.0,98,70,0
2026-09-18,MIN,LAA,3,0,8.5,-110,-110,82.5,89.7,4.2,4.2,4.05,5.24,99,70,0
2026-09-18,MIA,SDP,2,8,9.5,-110,-110,105.4,109.5,4.2,4.2,4.14,5.57,96,70,0
2026-09-18,NYY,ARI,9,2,8.5,-110,-110,82.6,116.3,4.2,4.2,3.9,3.73,101,70,0
2026-09-18,SFG,LAD,2,8,9.5,-110,-110,104.4,119.2,4.2,4.2,3.55,5.27,100,70,0
2026-09-19,DET,CHW,1,3,9.0,-110,-110,96.1,100.8,4.2,4.2,4.48,4.35,101,70,0
2026-09-19,MIL,BAL,1,0,10.0,-110,-110,103.8,139.7,4.2,4.2,4.43,4.83,98,70,0
2026-09-19,BOS,TBR,1,2,8.0,-110,-110,107.8,78.5,4.2,4.2,3.55,4.3,98,70,0
2026-09-19,PHI,NYM,3,10,8.5,-110,-110,104.3,85.2,4.2,4.2,4.91,3.41,97,70,0
2026-09-19,ATH,CLE,6,12,9.0,-110,-110,103.9,89.1,4.2,4.2,4.68,5.27,97,70,0
2026-09-19,CHC,CIN,5,2,12.0,-110,-110,100.7,128.3,4.2,4.2,7.05,5.05,107,70,0
2026-09-19,KCR,PIT,5,6,8.0,-110,-110,84.9,86.9,4.2,4.2,3.86,4.41,96,70,0
2026-09-19,TOR,TEX,2,6,9.5,-110,-110,111.6,97.7,4.2,4.2,4.95,3.95,103,70,0
2026-09-19,ATL,HOU,6,3,8.0,-110,-110,82.2,92.6,4.2,4.2,4.22,4.04,99,70,0
2026-09-19,WSN,STL,8,5,10.0,-110,-110,107.7,95.2,4.2,4.2,5.86,4.81,98,70,0
2026-09-19,SEA,COL,3,5,11.5,-110,-110,95.3,105.6,4.2,4.2,5.78,4.91,116,70,0
2026-09-19,NYY,ARI,3,5,8.5,-110,-110,80.9,119.9,4.2,4.2,4.14,3.65,101,70,0
2026-09-19,MIA,SDP,6,7,9.5,-110,-110,108.6,106.6,4.2,4.2,4.05,5.68,96,70,0
2026-09-19,SFG,LAD,4,10,9.5,-110,-110,107.5,116.0,4.2,4.2,3.48,5.39,100,70,0
2026-09-19,MIN,LAA,5,6,8.5,-110,-110,78.8,88.6,4.2,4.2,4.0,5.0,99,70,0
2026-09-20,PHI,NYM,7,2,8.5,-110,-110,108.3,83.8,4.2,4.2,4.83,3.7,97,70,0
2026-09-20,KCR,PIT,3,4,8.0,-110,-110,86.6,87.6,4.2,4.2,3.91,4.48,96,70,0
2026-09-20,CHC,CIN,9,1,12.0,-110,-110,98.0,127.2,4.2,4.2,6.96,4.91,107,70,0
2026-09-20,ATH,CLE,0,1,9.5,-110,-110,110.2,90.4,4.2,4.2,4.74,5.57,97,70,0
2026-09-20,BOS,TBR,1,5,8.0,-110,-110,104.8,76.0,4.2,4.2,3.43,4.21,98,70,0
2026-09-20,ATL,HOU,4,2,8.0,-110,-110,81.5,94.2,4.2,4.2,4.29,4.0,99,70,0
2026-09-20,DET,CHW,1,8,9.0,-110,-110,95.2,97.9,4.2,4.2,4.33,4.29,101,70,0
2026-09-20,WSN,STL,3,5,10.0,-110,-110,107.9,98.9,4.2,4.2,5.96,4.82,98,70,0
2026-09-20,TOR,TEX,7,2,9.5,-110,-110,112.6,95.6,4.2,4.2,4.83,4.04,103,70,0
2026-09-20,SEA,COL,2,1,11.5,-110,-110,96.2,104.1,4.2,4.2,5.67,4.91,116,70,0
2026-09-20,MIN,LAA,8,0,8.5,-110,-110,81.6,90.1,4.2,4.2,4.04,5.04,99,70,0
2026-09-20,SFG,LAD,1,3,10.0,-110,-110,112.7,115.5,4.2,4.2,3.5,5.58,100,70,0
2026-09-20,MIA,SDP,3,7,9.5,-110,-110,111.2,108.3,4.2,4.2,4.13,5.74,96,70,0
2026-09-20,NYY,ARI,4,8,8.5,-110,-110,82.6,118.3,4.2,4.2,4.09,3.71,101,70,0
2026-09-20,MIL,BAL,3,0,9.5,-110,-110,100.0,135.5,4.2,4.2,4.29,4.62,98,70,0
2026-09-21,TOR,BAL,3,4,8.5,-110,-110,96.2,98.4,4.2,4.2,4.24,3.96,98,70,0
2026-09-21,WSN,DET,2,9,9.0,-110,-110,95.4,98.0,4.2,4.2,4.44,4.83,98,70,0
2026-09-21,MIN,SFG,2,5,9.5,-110,-110,112.0,93.9,4.2,4.2,5.48,4.83,96,70,0
2026-09-22,TBR,NYY,0,2,9.0,-110,-110,117.3,105.8,4.2,4.2,3.88,3.33,104,70,0
2026-09-22,TBR,NYY,6,1,9.0,-110,-110,114.7,101.8,4.2,4.2,3.73,3.28,104,70,0
2026-09-22,WSN,DET,3,1,9.0,-110,-110,99.6,96.0,4.2,4.2,4.35,5.0,98,70,0
2026-09-22,STL,PIT,0,2,9.0,-110,-110,87.9,109.0,4.2,4.2,3.87,5.83,96,70,0
2026-09-22,MIL,PHI,4,6,9.5,-110,-110,88.1,133.9,4.2,4.2,3.62,4.44,103,70,0
2026-09-22,CLE,BOS,3,2,9.0,-110,-110,74.9,108.3,4.2,4.2,4.24,4.54,105,70,0
2026-09-22,CIN,ATL,4,0,10.0,-110,-110,95.2,96.4,4.2,4.2,3.92,7.04,101,70,0
2026-09-22,CHW,KCR,14,11,8.5,-110,-110,88.3,99.8,4.2,4.2,4.46,4.2,101,70,0
2026-09-22,MIA,CHC,8,2,11.0,-110,-110,131.9,107.1,4.2,4.2,4.75,5.79,102,70,0
2026-09-22,NYM,TEX,6,3,10.0,-110,-110,110.8,107.2,4.2,4.2,4.92,4.92,103,70,0
2026-09-22,ARI,COL,7,2,10.5,-110,-110,94.0,87.0,4.2,4.2,5.52,4.08,116,70,0
2026-09-22,LAA,ATH,7,9,8.5,-110,-110,87.9,78.7,4.2,4.2,5.38,4.21,98,70,0
2026-09-22,HOU,SEA,7,0,8.5,-110,-110,102.3,80.7,4.2,4.2,4.75,4.28,95,70,0
2026-09-22,MIN,SFG,3,2,9.5,-110,-110,112.2,92.2,4.2,4.2,5.35,4.84,96,70,0
2026-09-22,SDP,LAD,0,7,9.0,-110,-110,111.6,113.5,4.2,4.2,3.4,4.08,100,70,0
2026-09-23,WSN,DET,4,2,9.0,-110,-110,96.9,95.0,4.2,4.2,4.3,4.84,98,70,0
2026-09-23,TOR,BAL,2,4,8.5,-110,-110,96.5,97.7,4.2,4.2,4.19,3.96,98,70,0
2026-09-23,TOR,BAL,2,4,8.0,-110,-110,96.2,95.7,4.2,4.2,4.11,3.96,98,70,0
2026-09-23,MIN,SFG,4,2,9.0,-110,-110,110.2,91.5,4.2,4.2,5.26,4.73,96,70,0
2026-09-23,STL,PIT,5,1,8.5,-110,-110,86.4,105.0,4.2,4.2,3.71,5.68,96,70,0
2026-09-23,MIL,PHI,4,1,9.5,-110,-110,90.1,132.5,4.2,4.2,3.64,4.5,103,70,0
2026-09-23,TBR,NYY,2,9,8.5,-110,-110,112.1,103.7,4.2,4.2,3.81,3.19,104,70,0
2026-09-23,CLE,BOS,0,1,9.0,-110,-110,73.9,106.9,4.2,4.2,4.19,4.44,105,70,0
2026-09-23,CIN,ATL,2,3,9.5,-110,-110,92.0,96.5,4.2,4.2,3.92,6.76,101,70,0
2026-09-23,CHW,KCR,4,5,9.5,-110,-110,94.9,108.3,4.2,4.2,4.84,4.46,101,70,0
2026-09-23,MIA,CHC,3,2,11.0,-110,-110,129.4,110.8,4.2,4.2,4.88,5.64,102,70,0
2026-09-23,NYM,TEX,7,2,10.0,-110,-110,110.1,109.2,4.2,4.2,4.96,4.85,103,70,0
2026-09-23,ARI,COL,5,3,10.5,-110,-110,93.0,90.5,4.2,4.2,5.58,4.0,116,70,0
2026-09-23,LAA,ATH,3,7,8.5,-110,-110,93.2,82.6,4.2,4.2,5.44,4.4,98,70,0
2026-09-23,SDP,LAD,5,1,9.0,-110,-110,114.4,110.1,4.2,4.2,3.27,4.2,100,70,0
2026-09-23,HOU,SEA,5,6,8.0,-110,-110,99.5,84.6,4.2,4.2,4.84,4.12,95,70,0
2026-09-24,STL,PIT,1,2,8.5,-110,-110,84.4,105.9,4.2,4.2,3.76,5.5,96,70,0
2026-09-24,CHW,KCR,9,1,9.5,-110,-110,95.8,107.9,4.2,4.2,4.81,4.48,101,70,0
2026-09-24,MIA,CHC,1,2,10.5,-110,-110,126.5,109.4,4.2,4.2,4.81,5.5,102,70,0
2026-09-24,NYM,TEX,1,3,10.0,-110,-110,107.9,111.3,4.2,4.2,5.04,4.74,103,70,0
2026-09-24,ARI,COL,12,8,10.5,-110,-110,92.5,91.8,4.2,4.2,5.56,3.96,116,70,0
2026-09-24,MIL,PHI,5,1,9.0,-110,-110,88.1,131.7,4.2,4.2,3.65,4.37,103,70,0
2026-09-24,CLE,BOS,1,0,8.5,-110,-110,72.5,103.5,4.2,4.2,4.04,4.31,105,70,0
2026-09-24,TBR,NYY,4,6,9.0,-110,-110,116.3,102.4,4.2,4.2,3.75,3.41,104,70,0
2026-09-24,CIN,ATL,7,6,9.5,-110,-110,91.6,95.2,4.2,4.2,3.85,6.62,101,70,0
2026-09-24,HOU,ATH,7,5,8.5,-110,-110,95.9,85.8,4.2,4.2,5.35,4.19,98,70,0
2026-09-24,LAA,SEA,6,4,8.5,-110,-110,101.0,82.1,4.2,4.2,4.85,4.5,95,70,0
2026-09-24,SDP,LAD,4,2,8.5,-110,-110,111.2,110.3,4.2,4.2,3.33,4.08,100,70,0
2026-09-25,CHC,BOS,3,4,9.0,-110,-110,70.0,123.7,4.2,4.2,3.93,4.67,105,70,0
2026-09-25,CHC,BOS,0,2,9.0,-110,-110,70.7,121.7,4.2,4.2,3.9,4.64,105,70,0
2026-09-25,BAL,NYY,10,2,9.0,-110,-110,116.9,97.2,4.2,4.2,3.76,4.04,104,70,0
2026-09-25,BAL,NYY,3,6,9.0,-110,-110,114.4,101.5,4.2,4.2,3.97,3.97,104,70,0
2026-09-25,PIT,DET,7,8,8.0,-110,-110,96.3,83.2,4.2,4.2,4.29,3.65,98,70,0
2026-09-25,TBR,PHI,2,0,8.0,-110,-110,85.7,101.8,4.2,4.2,3.7,3.5,103,70,0
2026-09-25,NYM,WSN,6,7,9.5,-110,-110,96.1,108.3,4.2,4.2,4.73,4.68,100,70,0
2026-09-25,CIN,TOR,5,6,9.5,-110,-110,94.9,97.4,4.2,4.2,3.96,6.59,101,70,0
2026-09-25,ATL,MIA,0,3,9.0,-110,-110,106.4,93.0,4.2,4.2,5.37,3.96,96,70,0
2026-09-25,CLE,KCR,12,9,9.0,-110,-110,93.3,100.8,4.2,4.2,4.96,4.15,101,70,0
2026-09-25,COL,CHW,1,6,10.0,-110,-110,111.1,95.3,4.2,4.2,4.36,5.79,101,70,0
2026-09-25,STL,MIL,4,8,10.0,-110,-110,131.1,103.0,4.2,4.2,4.25,5.37,101,70,0
2026-09-25,TEX,MIN,2,10,9.0,-110,-110,92.2,106.2,4.2,4.2,4.63,4.89,99,70,0
2026-09-25,HOU,ATH,5,6,9.0,-110,-110,96.2,88.0,4.2,4.2,5.41,4.21,98,70,0
2026-09-25,ARI,SDP,11,4,8.5,-110,-110,109.3,97.8,4.2,4.2,4.0,4.11,96,70,0
2026-09-25,LAA,SEA,7,5,8.5,-110,-110,100.1,83.7,4.2,4.2,4.89,4.48,95,70,0
2026-09-25,LAD,SFG,2,0,9.0,-110,-110,108.3,108.3,4.2,4.2,5.21,3.36,96,70,0
2026-09-26,NYM,WSN,7,1,9.5,-110,-110,97.8,108.6,4.2,4.2,4.78,4.76,100,70,0
2026-09-26,PIT,DET,3,4,8.0,-110,-110,98.7,85.5,4.2,4.2,4.38,3.81,98,70,0
2026-09-26,CIN,TOR,5,1,9.5,-110,-110,95.9,97.5,4.2,4.2,4.0,6.57,101,70,0
2026-09-26,LAD,SFG,4,3,8.5,-110,-110,105.0,106.5,4.2,4.2,5.1,3.24,96,70,0
2026-09-26,TEX,MIN,6,2,9.0,-110,-110,96.9,104.0,4.2,4.2,4.54,5.07,99,70,0
2026-09-26,ATL,MIA,8,3,8.5,-110,-110,104.8,89.7,4.2,4.2,5.18,3.93,96,70,0
2026-09-26,CLE,KCR,11,5,9.5,-110,-110,96.8,106.3,4.2,4.2,5.21,4.32,101,70,0
2026-09-26,COL,CHW,9,6,9.5,-110,-110,111.7,92.6,4.2,4.2,4.24,5.79,101,70,0
2026-09-26,STL,MIL,2,3,10.0,-110,-110,132.1,102.0,4.2,4.2,4.24,5.46,101,70,0
2026-09-26,TBR,PHI,12,1,8.0,-110,-110,82.4,99.4,4.2,4.2,3.64,3.38,103,70,0
2026-09-26,ARI,SDP,7,10,8.5,-110,-110,108.4,102.8,4.2,4.2,4.25,4.11,96,70,0
2026-09-26,HOU,ATH,13,2,9.0,-110,-110,97.1,88.4,4.2,4.2,5.39,4.28,98,70,0
2026-09-26,LAA,SEA,4,8,8.5,-110,-110,100.1,85.9,4.2,4.2,4.96,4.5,95,70,0
2026-09-27,NYM,WSN,4,6,9.5,-110,-110,94.5,109.5,4.2,4.2,4.86,4.63,100,70,0
2026-09-27,TBR,PHI,3,7,8.0,-110,-110,79.8,104.4,4.2,4.2,3.93,3.3,103,70,0
2026-09-27,CHC,BOS,6,2,9.0,-110,-110,69.1,116.3,4.2,4.2,3.77,4.55,105,70,0
2026-09-27,HOU,ATH,9,0,9.0,-110,-110,95.0,94.8,4.2,4.2,5.66,4.2,98,70,0
2026-09-27,LAD,SFG,5,1,8.5,-110,-110,102.9,105.1,4.2,4.2,5.07,3.23,96,70,0
2026-09-27,CIN,TOR,1,5,9.5,-110,-110,92.8,97.4,4.2,4.2,4.03,6.38,101,70,0
2026-09-27,CLE,KCR,2,3,9.5,-110,-110,96.7,110.4,4.2,4.2,5.41,4.34,101,70,0
2026-09-27,PIT,DET,4,2,8.0,-110,-110,98.0,84.5,4.2,4.2,4.33,3.82,98,70,0
2026-09-27,ARI,SDP,4,9,9.0,-110,-110,112.1,104.5,4.2,4.2,4.34,4.31,96,70,0
2026-09-27,LAA,SEA,3,7,8.5,-110,-110,102.9,86.1,4.2,4.2,4.93,4.62,95,70,0
2026-09-27,TEX,MIN,4,6,9.0,-110,-110,94.5,104.4,4.2,4.2,4.59,4.97,99,70,0
2026-09-27,COL,CHW,2,4,10.0,-110,-110,111.9,95.7,4.2,4.2,4.4,5.8,101,70,0
2026-09-27,ATL,MIA,3,5,8.5,-110,-110,102.9,92.1,4.2,4.2,5.28,3.9,96,70,0
2026-09-27,STL,MIL,4,6,10.0,-110,-110,129.7,99.9,4.2,4.2,4.17,5.38,101,70,0
2026-09-29,PHI,ATL,3,5,8.0,-110,-110,91.3,82.5,4.2,4.2,3.94,3.9,101,70,0
2026-09-29,CHW,HOU,6,3,9.0,-110,-110,98.4,111.3,4.2,4.2,4.06,4.32,99,70,0
2026-09-29,BOS,NYY,0,9,8.5,-110,-110,114.1,68.5,4.2,4.2,3.94,3.84,104,70,0
2026-09-29,CHC,SDP,0,8,9.5,-110,-110,115.0,117.2,4.2,4.2,4.33,4.47,96,70,0
2026-09-30,PHI,ATL,4,3,8.0,-110,-110,91.9,82.1,4.2,4.2,3.91,3.94,101,70,0
2026-09-30,CHW,HOU,7,3,9.0,-110,-110,97.5,112.0,4.2,4.2,4.12,4.28,99,70,0
2026-09-30,BOS,NYY,2,9,8.5,-110,-110,116.9,66.4,4.2,4.2,3.81,4.0,104,70,0
2026-09-30,CHC,SDP,1,4,9.0,-110,-110,117.0,113.4,4.2,4.2,4.19,4.58,96,70,0
2026-10-01,PHI,ATL,2,6,8.0,-110,-110,91.2,82.3,4.2,4.2,3.91,3.91,101,70,0
2026-10-03,CHW,CLE,3,0,9.0,-110,-110,108.5,113.4,4.2,4.2,4.3,4.24,97,70,0
2026-10-03,ATL,LAD,3,5,8.0,-110,-110,105.9,92.6,4.2,4.2,3.16,3.85,100,70,0
2026-10-03,NYY,TBR,0,1,8.5,-110,-110,103.7,119.6,4.2,4.2,3.42,3.76,98,70,0
2026-10-03,SDP,MIL,2,3,10.0,-110,-110,130.5,116.7,4.2,4.2,4.16,4.09,101,70,0
2026-10-04,SDP,MIL,3,4,9.5,-110,-110,128.6,114.6,4.2,4.2,4.09,4.06,101,70,0
2026-10-04,ATL,LAD,3,2,8.0,-110,-110,106.4,92.2,4.2,4.2,3.16,3.89,100,70,0
2026-10-05,CHW,CLE,4,3,9.0,-110,-110,105.6,112.7,4.2,4.2,4.26,4.12,97,70,0
2026-10-05,NYY,TBR,2,5,8.0,-110,-110,101.7,116.7,4.2,4.2,3.31,3.68,98,70,0
2026-10-06,LAD,ATL,3,1,8.0,-110,-110,91.7,104.7,4.2,4.2,3.83,3.15,101,70,0
2026-10-06,MIL,SDP,3,4,9.0,-110,-110,113.6,127.8,4.2,4.2,4.06,4.06,96,70,0
2026-10-07,CLE,CHW,9,3,9.0,-110,-110,112.3,104.7,4.2,4.2,4.09,4.25,101,70,0
2026-10-07,LAD,ATL,4,1,8.0,-110,-110,89.9,103.7,4.2,4.2,3.81,3.09,101,70,0
2026-10-07,TBR,NYY,4,3,8.5,-110,-110,114.9,102.2,4.2,4.2,3.71,3.27,104,70,0
2026-10-07,MIL,SDP,3,1,9.0,-110,-110,113.0,126.2,4.2,4.2,4.03,4.06,96,70,0
2026-10-08,CLE,CHW,9,5,9.0,-110,-110,111.2,107.8,4.2,4.2,4.22,4.21,101,70,0
