date,away_team,home_team,market_total,commence_time,model_total,bet_side,edge_label,best_ev,odds,actual_total,away_runs,home_runs,result,profit_units
2026-07-01,CHW,BAL,10.0,,11.026108053044686,over,watch,0.13515095286084455,-108,7,1,6,loss,-1.0000
2026-07-01,CIN,MIL,9.0,2026-07-02T00:11:00Z,8.094926873671515,under,watch,0.10540729435963381,-110,6,2,4,win,0.9091
2026-07-01,DET,NYY,9.5,2026-07-01T17:36:00Z,6.69728238812044,under,watch,0.38504983661503034,-112,8,6,2,win,0.8929
2026-07-01,LAD,ATH,11.0,2026-07-02T01:41:00Z,8.268807625924289,under,watch,0.3865990132598136,-110,8,1,7,win,0.9091
2026-07-01,MIA,COL,11.0,2026-07-02T00:41:00Z,10.007774620935134,under,lean,0.08356548063006541,-118,9,3,6,win,0.8475
2026-07-01,MIN,HOU,8.5,2026-07-02T00:11:00Z,9.19638735423076,over,lean,0.08037935115495132,-108,11,8,3,win,0.9259
2026-07-01,NYM,TOR,8.5,2026-07-01T19:08:00Z,9.607602701117447,over,lean,0.09354299611531447,-120,12,3,9,win,0.8333
2026-07-01,PIT,PHI,8.0,2026-07-01T22:41:00Z,7.071818083057773,under,watch,0.13435852708239548,-105,16,6,10,loss,-1.0000
2026-07-01,SDP,CHC,12.0,2026-07-01T18:21:00Z,9.09132964551804,under,watch,0.42396958956373054,-108,26,3,23,loss,-1.0000
2026-07-01,SFG,ARI,9.5,2026-07-02T01:41:00Z,10.795809707546754,over,watch,0.19556091718237822,-105,10,6,4,win,0.9524
2026-07-01,STL,ATL,9.0,2026-07-01T23:16:00Z,7.675310934345741,under,watch,0.20031423984586572,-105,6,1,5,win,0.9524
2026-07-01,TBR,KCR,10.5,2026-07-01T23:41:00Z,8.637230554958801,under,watch,0.25854362156191124,-110,4,4,0,win,0.9091
2026-07-01,WSN,BOS,9.5,2026-07-01T17:36:00Z,7.700682529848095,under,watch,0.2383691991494945,-112,12,10,2,loss,-1.0000
2026-07-02,CIN,MIL,7.0,2026-07-02T18:11:00Z,5.5422341157526525,under,watch,0.14406452103639178,-120,9,7,2,loss,-1.0000
2026-07-02,DET,TEX,7.5,2026-07-03T00:06:00Z,9.159244295802289,over,watch,0.2682241353966923,-102,14,4,10,win,0.9804
2026-07-02,LAA,SEA,7.0,2026-07-03T01:41:00Z,6.58936270125436,under,lean,0.09766767455075254,105,1,0,1,win,1.0500
2026-07-02,MIA,COL,12.0,2026-07-02T19:11:00Z,13.297069436681596,over,watch,0.19239940679931866,-105,18,4,14,win,0.9524
2026-07-02,SDP,LAD,9.0,2026-07-03T02:11:00Z,9.698492414519018,over,lean,0.04731712897391871,-115,19,7,12,win,0.8696
2026-07-02,STL,ATL,9.0,2026-07-02T23:16:00Z,6.8590933070690445,under,watch,0.268737252010957,-115,16,11,5,loss,-1.0000
2026-07-03,BAL,CIN,10.0,2026-07-03T23:11:00Z,10.601980748925873,over,lean,0.0633584759502952,-108,3,3,0,loss,-1.0000
2026-07-03,BOS,LAA,7.5,2026-07-04T01:38:00Z,8.884799832608241,over,watch,0.16118158099047442,-114,7,5,2,loss,-1.0000
2026-07-03,MIA,ATH,10.5,2026-07-04T01:40:00Z,11.382172342484678,over,lean,0.06453133568793201,-118,17,12,5,win,0.8475
2026-07-03,PIT,WSN,9.5,2026-07-03T22:45:00Z,8.105976114561685,under,watch,0.20911409091695288,-105,14,5,9,loss,-1.0000
2026-07-03,SDP,LAD,8.0,2026-07-04T02:10:00Z,6.462616116759924,under,watch,0.15716513386529218,-120,7,3,4,win,0.8333
2026-07-03,SFG,COL,11.0,2026-07-04T00:11:00Z,11.439443095423496,over,lean,0.05058464386753658,-105,18,3,15,win,0.9524
2026-07-03,STL,CHC,10.5,2026-07-03T20:06:00Z,11.126268741058098,over,lean,0.07706693778112328,-106,18,17,1,win,0.9434
2026-07-03,TBR,HOU,8.0,2026-07-04T00:16:00Z,9.142150138774443,over,watch,0.1275334066812701,-113,4,3,1,loss,-1.0000
2026-07-03,TOR,SEA,7.0,2026-07-04T02:10:00Z,9.563648798213096,over,watch,0.38327382242057584,-106,2,2,0,loss,-1.0000
2026-07-04,BAL,CIN,9.0,2026-07-04T23:11:00Z,9.839863587971532,over,lean,0.05737149191415858,-118,13,8,5,win,0.8475
2026-07-04,CHW,CLE,7.5,2026-07-04T23:11:00Z,8.703846213829317,over,watch,0.21836649428244703,102,4,3,1,loss,-1.0000
2026-07-04,DET,TEX,8.0,2026-07-04T20:06:00Z,9.588773323531049,over,watch,0.2019459530718939,-112,3,3,0,loss,-1.0000
2026-07-04,MIA,ATH,11.5,2026-07-05T01:41:00Z,9.550737855287524,under,watch,0.2173472283661908,-120,9,7,2,win,0.8333
2026-07-04,NYM,ATL,8.0,2026-07-05T00:09:00Z,9.060940620097519,over,watch,0.1285336385116962,-110,17,3,14,win,0.9091
2026-07-04,PHI,KCR,9.0,2026-07-05T00:11:00Z,9.50385499204063,over,lean,0.056388406771943345,-106,7,6,1,loss,-1.0000
2026-07-04,SDP,LAD,8.5,2026-07-05T02:11:00Z,9.427843942749274,over,lean,0.09751545131115158,-112,3,0,3,loss,-1.0000
2026-07-04,STL,CHC,8.0,2026-07-05T00:09:00Z,9.554202712655218,over,watch,0.23424833617537932,-105,3,3,0,loss,-1.0000
2026-07-04,TBR,HOU,7.0,2026-07-04T23:11:00Z,8.10009209598386,over,watch,0.11133957421966789,-115,18,8,10,win,0.8696
2026-07-04,TOR,SEA,7.5,2026-07-04T20:11:00Z,8.8737155661785,over,watch,0.15407513434123343,-115,11,0,11,win,0.8696
2026-07-05,BAL,CIN,9.5,2026-07-05T17:05:00Z,10.624622898151857,over,watch,0.13412553403961947,-111,5,2,3,loss,-1.0000
2026-07-05,BOS,LAA,8.0,2026-07-06T01:31:00Z,12.189439017011637,over,watch,0.5628412476127163,-110,12,7,5,win,0.9091
2026-07-05,MIA,ATH,9.5,2026-07-05T20:31:00Z,8.386319298940247,under,watch,0.12758159789504342,-112,17,9,8,loss,-1.0000
2026-07-05,MIL,ARI,9.0,2026-07-05T20:00:00Z,8.153405874599931,under,watch,0.1188132313456578,-105,5,3,2,win,0.9524
2026-07-05,MIN,NYY,8.5,2026-07-05T17:35:00Z,9.501092959549515,over,watch,0.14983198177278734,-104,7,6,1,loss,-1.0000
2026-07-05,NYM,ATL,9.0,2026-07-05T16:30:00Z,8.208094938018222,under,lean,0.09465735442655099,-108,19,10,9,loss,-1.0000
2026-07-05,PHI,KCR,9.5,2026-07-05T19:01:00Z,12.25912104003496,over,watch,0.3306265892514251,-120,7,2,5,loss,-1.0000
2026-07-05,SDP,LAD,9.5,2026-07-05T23:21:00Z,11.604093144536234,over,watch,0.24963027380967562,-118,7,5,2,loss,-1.0000
2026-07-05,SFG,COL,13.0,2026-07-05T20:00:00Z,14.671024432720635,over,watch,0.24741502241530622,-106,13,6,7,push,0.0000
2026-07-05,STL,CHC,8.0,2026-07-05T18:30:00Z,10.5279034536433,over,watch,0.3712118461303089,-107,10,4,6,win,0.9346
2026-07-06,ARI,SDP,8.5,2026-07-07T01:41:00Z,10.667920242792336,over,watch,0.28920231149354514,-112,8,8,0,loss,-1.0000
2026-07-06,COL,LAD,9.5,2026-07-07T02:11:00Z,12.9125173320147,over,watch,0.412862085977338,-120,15,7,8,win,0.8333
2026-07-06,HOU,WSN,10.0,2026-07-06T22:46:00Z,11.01768900158821,over,watch,0.18664214282873792,102,23,11,12,win,1.0200
2026-07-06,NYM,ATL,9.0,2026-07-06T23:16:00Z,10.002680217900384,over,watch,0.1289341599249083,-108,13,7,6,win,0.9259
2026-07-06,NYY,TBR,7.5,2026-07-06T22:41:00Z,6.523434803391945,under,lean,0.07060567905119619,-120,6,5,1,win,0.8333
2026-07-06,PHI,KCR,8.5,2026-07-06T18:11:00Z,7.5219348473065395,under,watch,0.11508811954430653,-110,16,1,15,loss,-1.0000
2026-07-06,TOR,SFG,7.5,2026-07-07T01:46:00Z,9.18196072728907,over,watch,0.17796637468419507,-120,11,1,10,win,0.8333
2026-07-07,ARI,SDP,9.0,2026-07-08T01:41:00Z,11.46472559278385,over,watch,0.35149381486766074,-108,5,1,4,loss,-1.0000
2026-07-07,ATL,PIT,8.0,2026-07-07T22:41:00Z,8.641213238272368,over,lean,0.07811473060265905,-106,16,4,12,win,0.9434
2026-07-07,BOS,CHW,8.5,2026-07-07T23:41:00Z,9.685992964550778,over,watch,0.16708472745594927,-106,9,8,1,win,0.9434
2026-07-07,CHC,BAL,9.5,2026-07-07T23:31:00Z,9.743746056685824,over,lean,0.04175393686094786,100,7,5,2,loss,-1.0000
2026-07-07,CLE,MIN,8.5,2026-07-07T23:41:00Z,9.231847115499473,over,lean,0.0558354211174561,-114,4,1,3,loss,-1.0000
2026-07-07,COL,LAD,9.5,2026-07-08T02:11:00Z,10.541645937149177,over,watch,0.12353648863684241,-110,7,4,3,loss,-1.0000
2026-07-07,HOU,WSN,9.0,2026-07-07T22:46:00Z,9.89728743301712,over,watch,0.12016462892361846,-106,9,6,3,push,0.0000
2026-07-07,KCR,NYM,8.5,2026-07-07T23:11:00Z,10.297356433475668,over,watch,0.24143041311253888,-110,28,16,12,win,0.9091
2026-07-07,LAA,TEX,7.0,2026-07-08T00:06:00Z,8.848239580028704,over,watch,0.22327805105604814,-115,11,3,8,win,0.8696
2026-07-07,MIL,STL,8.5,2026-07-07T23:46:00Z,9.038806781849736,over,lean,0.08142737460603855,-102,7,4,3,loss,-1.0000
2026-07-07,NYY,TBR,8.0,2026-07-07T22:41:00Z,8.793923528971108,over,lean,0.08376307799268412,-110,10,4,6,win,0.9091
2026-07-07,PHI,CIN,8.5,2026-07-07T23:10:00Z,9.607423815889293,over,watch,0.1060384587505292,-116,5,4,1,loss,-1.0000
2026-07-07,SEA,MIA,8.0,2026-07-07T22:41:00Z,7.469319279559841,under,lean,0.05033046579293332,-108,11,5,6,loss,-1.0000
2026-07-07,TOR,SFG,8.0,2026-07-08T01:46:00Z,8.467406813960814,over,lean,0.049404287581709116,-106,12,9,3,win,0.9434
2026-07-08,ATH,DET,9.0,2026-07-08T22:41:00Z,5.768116290677804,under,watch,0.48740004603340537,-104,7,1,6,win,0.9615
2026-07-08,ATL,PIT,9.0,2026-07-08T22:41:00Z,11.684505783045532,over,watch,0.3297063791218455,-118,3,3,0,loss,-1.0000
2026-07-08,BOS,CHW,8.0,2026-07-08T23:41:00Z,6.230542759639237,under,watch,0.26786215371304345,-105,5,5,0,win,0.9524
2026-07-08,CHC,BAL,10.0,2026-07-08T22:36:00Z,7.41344387173044,under,watch,0.3164111565341383,-118,16,9,7,loss,-1.0000
2026-07-08,CLE,MIN,8.5,2026-07-08T23:41:00Z,11.685492462702978,over,watch,0.49545753157109584,-102,11,5,6,win,0.9804
2026-07-08,HOU,WSN,9.5,2026-07-08T22:46:00Z,6.460287025682769,under,watch,0.4546999221402306,-105,10,2,8,loss,-1.0000
2026-07-08,LAA,TEX,7.5,2026-07-09T00:06:00Z,9.39724846763919,over,watch,0.20927991282258018,-120,14,13,1,win,0.8333
2026-07-08,MIL,STL,8.0,2026-07-08T23:46:00Z,5.969887325095344,under,watch,0.30227812840399837,-106,6,1,5,win,0.9434
2026-07-08,PHI,CIN,9.0,2026-07-08T23:11:00Z,5.923713283575417,under,watch,0.4665042619626343,-104,16,5,11,loss,-1.0000
2026-07-08,SEA,MIA,8.5,2026-07-08T22:41:00Z,7.186294326271365,under,watch,0.22424740022086032,100,2,0,2,win,1.0000
2026-07-09,ARI,SDP,9.0,2026-07-10T01:41:00Z,10.562992532589158,over,watch,0.27965436272913924,103,4,3,1,loss,-1.0000
2026-07-09,CHC,BAL,9.5,2026-07-09T17:36:00Z,8.620760593572689,under,watch,0.13726215514987072,-102,5,2,3,win,0.9804
2026-07-09,CLE,MIN,8.5,2026-07-09T17:41:00Z,10.069071228919565,over,watch,0.17943407598015026,-115,7,5,2,loss,-1.0000
2026-07-09,COL,SFG,8.5,2026-07-10T01:46:00Z,9.603554729274899,over,watch,0.15755881617421652,-105,10,2,8,win,0.9524
2026-07-09,KCR,NYM,9.0,2026-07-09T17:11:00Z,10.155989898224735,over,lean,0.09490972161251476,-120,10,3,7,win,0.8333
2026-07-09,LAA,TEX,7.0,2026-07-10T00:06:00Z,9.712909820302539,over,watch,0.32697437400727036,-118,13,6,7,win,0.8475
2026-07-09,MIL,STL,8.5,2026-07-09T23:46:00Z,9.059068690818572,over,lean,0.054219817392576974,-108,12,8,4,win,0.9259
2026-07-09,NYY,TBR,7.5,2026-07-09T17:10:00Z,8.803858528449938,over,watch,0.17358519736243805,-108,16,12,4,win,0.9259
2026-07-09,PHI,CIN,9.5,2026-07-09T23:11:00Z,10.812814966661369,over,watch,0.20822431841751254,-102,1,1,0,loss,-1.0000
2026-07-09,SEA,MIA,8.0,2026-07-09T22:41:00Z,9.928328713507117,over,watch,0.23266072963275186,-115,12,4,8,win,0.8696
2026-07-10,ATH,CHW,8.5,2026-07-10T23:41:00Z,9.912867925419262,over,watch,0.10082368383989149,-128,15,1,14,win,0.7812
2026-07-10,ATL,STL,8.0,2026-07-11T00:16:00Z,8.70889495143414,over,lean,0.046719170723465986,-115,3,1,2,loss,-1.0000
2026-07-10,BOS,NYM,7.5,2026-07-10T23:50:00Z,8.830360682651303,over,watch,0.16703181597477523,-110,8,6,2,win,0.9091
2026-07-10,CHC,CIN,9.5,2026-07-10T23:11:00Z,16.404351407376545,over,watch,0.8576904448753477,100,4,0,4,loss,-1.0000
2026-07-10,CLE,MIA,7.0,2026-07-10T23:11:00Z,8.45367340405728,over,watch,0.12643812838682855,-123,5,3,2,loss,-1.0000
2026-07-10,COL,SFG,8.0,2026-07-11T02:16:00Z,9.56785393951409,over,watch,0.17903167611901027,-115,7,4,3,loss,-1.0000
2026-07-10,HOU,TEX,8.5,2026-07-11T00:06:00Z,9.27498713950278,over,lean,0.07941342294344356,-110,10,3,7,win,0.9091
2026-07-10,KCR,BAL,10.0,2026-07-10T23:06:00Z,9.169299053252956,under,watch,0.14012426583307658,100,8,3,5,win,1.0000
2026-07-10,LAA,MIN,9.5,2026-07-11T00:11:00Z,10.571038583556222,over,watch,0.18004785776208276,100,7,4,3,loss,-1.0000
2026-07-10,NYY,WSN,10.0,2026-07-11T00:46:00Z,11.275162802888339,over,watch,0.18493239820201124,-105,8,5,3,loss,-1.0000
2026-07-10,TOR,SDP,8.5,2026-07-11T01:41:00Z,10.505725262571497,over,watch,0.2699425915947593,-110,8,5,3,loss,-1.0000
2026-07-11,ARI,LAD,8.5,2026-07-12T01:10:00Z,9.750245811129465,over,watch,0.1564596260894806,-110,11,9,2,win,0.9091
2026-07-11,BOS,NYM,7.5,2026-07-11T20:11:00Z,6.590356973078049,under,watch,0.1273147985198353,-105,4,4,0,win,0.9524
2026-07-11,CLE,MIA,7.5,2026-07-11T20:11:00Z,8.594343524073103,over,lean,0.078809652220454,-122,5,4,1,loss,-1.0000
2026-07-11,COL,SFG,8.5,2026-07-11T20:06:00Z,11.32969429129235,over,watch,0.34533731491082764,-118,6,2,4,loss,-1.0000
2026-07-11,HOU,TEX,8.5,2026-07-11T23:06:00Z,9.2302973766476,over,lean,0.08291702480262142,-108,12,9,3,win,0.9259
2026-07-11,KCR,BAL,9.0,2026-07-11T23:06:00Z,9.717090105449659,over,lean,0.0905686636048133,-106,7,1,6,loss,-1.0000
2026-07-11,NYY,WSN,9.0,2026-07-11T20:05:00Z,8.369130913555672,under,lean,0.05736876436047855,-110,6,4,2,win,0.9091
2026-07-11,SEA,TBR,7.0,2026-07-11T20:11:00Z,8.428711329218299,over,watch,0.1375038452199584,-120,7,1,6,push,0.0000
2026-07-11,TOR,SDP,8.0,2026-07-12T00:41:00Z,8.569668150521473,over,lean,0.08653962773929291,-102,15,7,8,win,0.9804
2026-07-12,ARI,LAD,9.5,2026-07-12T20:11:00Z,8.870895966721653,under,lean,0.047892721844941644,-112,8,5,3,win,0.8929
2026-07-12,ATH,CHW,8.5,2026-07-12T18:11:00Z,9.464360305683368,over,lean,0.07491729483947296,-118,10,1,9,win,0.8475
2026-07-12,ATL,STL,7.5,2026-07-12T18:16:00Z,8.66694006907234,over,lean,0.09762169744490334,-120,7,4,3,loss,-1.0000
2026-07-12,BOS,NYM,8.0,2026-07-12T17:41:00Z,8.938452957765904,over,lean,0.08814744062744406,-114,5,3,2,loss,-1.0000
2026-07-12,CHC,CIN,9.0,2026-07-12T17:41:00Z,9.920141551954197,over,watch,0.10370857372123599,-110,12,8,4,win,0.9091
2026-07-12,CLE,MIA,7.5,2026-07-12T17:41:00Z,8.229790799446647,over,lean,0.050916265175331876,-115,7,5,2,loss,-1.0000
2026-07-12,COL,SFG,9.0,2026-07-12T20:06:00Z,10.40222005148292,over,watch,0.14184290338450523,-118,4,1,3,loss,-1.0000
2026-07-12,HOU,TEX,9.0,2026-07-12T18:36:00Z,11.17612395065315,over,watch,0.33278442330099134,-104,11,5,6,win,0.9615
2026-07-12,LAA,MIN,8.5,2026-07-12T18:11:00Z,9.400357659464289,over,lean,0.05690076296169466,-120,6,2,4,loss,-1.0000
2026-07-12,MIL,PIT,7.5,2026-07-12T16:16:00Z,9.325104702005676,over,watch,0.1866624816677218,-122,19,5,14,win,0.8197
2026-07-12,PHI,DET,7.0,2026-07-12T17:41:00Z,8.245181914383796,over,watch,0.11802603883016793,-118,5,5,0,loss,-1.0000
2026-07-12,SEA,TBR,8.0,2026-07-12T17:41:00Z,8.364154798944496,over,lean,0.04671282866868465,-103,10,8,2,win,0.9709
2026-07-12,TOR,SDP,8.5,2026-07-12T20:11:00Z,9.320131010878264,over,watch,0.13949768391157868,100,9,4,5,win,1.0000
2026-07-17,CIN,COL,12.0,2026-07-18T00:41:00Z,10.035753432287718,under,watch,0.267978405616653,-110,9,7,2,win,0.9091
2026-07-17,DET,LAA,8.5,2026-07-18T01:39:00Z,7.30413380596352,under,watch,0.12515197925156474,-115,3,2,1,win,0.8696
2026-07-17,LAD,NYY,9.0,2026-07-17T23:06:00Z,10.63270962110651,over,watch,0.1971075299783569,-114,3,2,1,loss,-1.0000
2026-07-17,MIN,CHC,11.0,2026-07-18T00:06:00Z,10.393585531148371,under,lean,0.05393284753399108,-110,7,5,2,win,0.9091
2026-07-17,SDP,KCR,10.0,2026-07-18T00:11:00Z,9.247149264980303,under,watch,0.10735118655518483,-104,13,6,7,loss,-1.0000
2026-07-17,STL,ARI,9.0,2026-07-18T01:41:00Z,9.49310972140993,over,lean,0.05892036285801505,-105,9,5,4,push,0.0000
2026-07-17,TBR,BOS,9.0,2026-07-17T23:11:00Z,4.898763395549235,under,watch,0.5179763525276131,-115,10,0,10,loss,-1.0000
2026-07-17,TEX,ATL,8.0,2026-07-17T23:16:00Z,6.419432712527378,under,watch,0.20937901320269403,-110,16,1,15,loss,-1.0000
2026-07-17,WSN,ATH,10.0,2026-07-18T01:41:00Z,8.786971614115384,under,watch,0.15166665094005038,-110,27,23,4,loss,-1.0000
2026-07-18,BAL,HOU,9.0,2026-07-18T20:11:00Z,9.372723614283206,over,lean,0.04209417920864422,-104,6,4,2,loss,-1.0000
2026-07-18,CIN,COL,12.5,2026-07-18T19:11:00Z,10.96762048035163,under,watch,0.2174796975614861,-106,13,3,10,loss,-1.0000
2026-07-18,MIA,MIL,8.0,2026-07-18T20:11:00Z,8.9026463792185,over,lean,0.08903136469076856,-112,14,6,8,win,0.8929
2026-07-18,MIN,CHC,8.5,2026-07-18T18:21:00Z,9.270144449585285,over,lean,0.07745881117064002,-110,8,2,6,loss,-1.0000
2026-07-18,NYM,PHI,8.5,2026-07-18T19:06:00Z,9.679905227503575,over,watch,0.11811574546480119,-115,7,1,6,loss,-1.0000
2026-07-18,PIT,CLE,8.0,2026-07-18T23:10:00Z,9.157265454786932,over,watch,0.11019828412465449,-116,8,3,5,push,0.0000
2026-07-18,SFG,SEA,7.0,2026-07-19T00:09:00Z,8.714641892664337,over,watch,0.18404518470831066,-118,7,3,4,push,0.0000
2026-07-18,STL,ARI,9.0,2026-07-18T20:11:00Z,9.373644680535575,over,lean,0.062681596842876,100,8,3,5,loss,-1.0000
2026-07-18,TEX,ATL,9.0,2026-07-18T20:11:00Z,9.60122604237634,over,lean,0.07448815959608024,-105,13,7,6,win,0.9524
2026-07-18,WSN,ATH,11.0,2026-07-19T02:06:00Z,10.139006848497852,under,watch,0.11142759986099549,-106,16,1,15,loss,-1.0000
2026-07-19,BAL,HOU,8.0,2026-07-19T18:11:00Z,8.786220611432922,over,lean,0.07138751483469341,-112,7,5,2,loss,-1.0000
2026-07-19,CHW,TOR,8.0,2026-07-19T16:16:00Z,9.017119002271585,over,lean,0.09395826063760482,-115,3,3,0,loss,-1.0000
2026-07-19,CIN,COL,11.0,2026-07-19T19:11:00Z,11.725045828471169,over,lean,0.0851466882455596,-107,15,9,6,win,0.9346
2026-07-19,LAD,NYY,7.5,2026-07-19T16:36:00Z,9.403772535729159,over,watch,0.25304305446794584,-110,10,8,2,win,0.9091
2026-07-19,MIA,MIL,8.0,2026-07-19T18:11:00Z,9.54777436574274,over,watch,0.17937690709808862,-114,4,1,3,loss,-1.0000
2026-07-19,MIN,CHC,7.5,2026-07-19T18:21:00Z,9.819406515808588,over,watch,0.31361068643303014,-110,11,1,10,win,0.9091
2026-07-19,NYM,PHI,8.5,2026-07-19T17:36:00Z,9.47582274652794,over,lean,0.058564185487834264,-122,7,6,1,loss,-1.0000
2026-07-19,PIT,CLE,7.0,2026-07-19T17:41:00Z,8.658767944636892,over,watch,0.21629303263751498,-110,8,7,1,win,0.9091
2026-07-19,SFG,SEA,7.5,2026-07-19T20:11:00Z,8.175918935906353,over,watch,0.12478134083215164,102,9,3,6,win,1.0200
2026-07-20,ATH,ARI,9.0,2026-07-21T01:41:00Z,12.723544381969282,over,watch,0.43042439954463974,-122,7,5,2,loss,-1.0000
2026-07-20,CHW,TEX,7.5,2026-07-21T00:06:00Z,8.866251609314729,over,watch,0.13517411819985536,-118,13,10,3,win,0.8475
2026-07-20,CIN,SEA,7.5,2026-07-21T01:41:00Z,8.217006258697156,over,lean,0.048222053546103094,-115,8,0,8,win,0.8696
2026-07-20,DET,CHC,11.0,2026-07-21T00:06:00Z,10.61973656538644,under,lean,0.0645394845439744,100,14,8,6,loss,-1.0000
2026-07-20,MIA,HOU,9.0,2026-07-21T00:11:00Z,9.443770983517819,over,lean,0.06474638513619091,-102,13,5,8,win,0.9804
2026-07-20,NYM,MIL,7.5,2026-07-20T23:41:00Z,7.085233412377515,under,lean,0.059886957038534305,-102,11,3,8,loss,-1.0000
2026-07-20,PIT,NYY,7.5,2026-07-20T23:06:00Z,9.046032675605268,over,watch,0.1445874443843458,-122,13,5,8,win,0.8197
2026-07-20,SDP,ATL,9.0,2026-07-20T23:16:00Z,9.927225890149654,over,lean,0.060148750373981485,-120,5,2,3,loss,-1.0000
2026-07-20,STL,LAA,9.0,2026-07-21T02:11:00Z,7.975088899408204,under,watch,0.10096743470327008,-114,5,2,3,win,0.8772
2026-07-20,TBR,TOR,7.5,2026-07-20T23:08:00Z,6.569841311672748,under,lean,0.08596981308950813,-114,8,7,1,loss,-1.0000
2026-07-20,WSN,COL,12.0,2026-07-21T00:41:00Z,14.06700139339424,over,watch,0.25789086868076594,-114,10,7,3,loss,-1.0000
2026-07-21,ATH,ARI,9.5,2026-07-22T01:41:00Z,10.765281467263318,over,watch,0.1807774370396371,-106,11,5,6,win,0.9434
2026-07-21,CHW,TEX,8.5,2026-07-22T00:06:00Z,10.826834258639279,over,watch,0.2788103161109796,-118,10,0,10,win,0.8475
2026-07-21,DET,CHC,8.0,2026-07-22T00:06:00Z,9.957424568249087,over,watch,0.301730462877992,-104,13,2,11,win,0.9615
2026-07-21,LAD,PHI,9.0,2026-07-21T22:41:00Z,8.158295797479223,under,lean,0.06950790340495971,-115,3,2,1,win,0.8696
2026-07-21,MIA,HOU,9.0,2026-07-22T00:11:00Z,9.901250656907836,over,lean,0.05801409327176277,-120,8,3,5,loss,-1.0000
2026-07-21,SDP,ATL,9.0,2026-07-21T23:16:00Z,9.547017767126356,over,lean,0.06791595537089123,-105,11,8,3,win,0.9524
2026-07-21,SFG,KCR,9.0,2026-07-21T23:41:00Z,10.812584844885617,over,watch,0.2450117260914535,-110,5,2,3,loss,-1.0000
2026-07-21,TBR,TOR,7.5,2026-07-21T23:08:00Z,8.891946683309481,over,watch,0.1601977018728733,-114,14,12,2,win,0.8772
2026-07-22,ATH,ARI,9.0,2026-07-22T19:41:00Z,10.494146322352883,over,watch,0.16941907656965993,-115,20,5,15,win,0.8696
2026-07-22,CIN,SEA,8.0,2026-07-22T19:41:00Z,7.504419348654459,under,lean,0.06366231731062344,-104,8,5,3,push,0.0000
2026-07-22,DET,CHC,8.0,2026-07-23T00:06:00Z,9.389804874809212,over,watch,0.18830455966320736,-108,6,5,1,loss,-1.0000
2026-07-22,LAD,PHI,9.5,2026-07-22T22:40:00Z,11.694583989341655,over,watch,0.3230823548814368,-106,14,9,5,win,0.9434
2026-07-22,MIN,CLE,8.0,2026-07-22T22:41:00Z,9.495611043436247,over,watch,0.19436948476455895,-110,16,10,6,win,0.9091
2026-07-22,NYM,MIL,7.5,2026-07-22T18:11:00Z,7.225974267240366,under,lean,0.046794403600389556,100,7,3,4,win,1.0000
2026-07-22,SDP,ATL,8.5,2026-07-22T23:16:00Z,8.26337178487951,under,lean,0.0508181987293459,102,13,6,7,loss,-1.0000
2026-07-22,WSN,COL,11.5,2026-07-22T19:11:00Z,10.456280059365174,under,lean,0.08710031192411893,-118,8,8,0,win,0.8475
2026-07-23,ARI,STL,7.5,2026-07-23T21:16:00Z,9.256665831216692,over,watch,0.2678980645257487,-104,16,10,6,win,0.9615
2026-07-23,KCR,DET,8.5,2026-07-23T22:41:00Z,4.9119245369422435,under,watch,0.4735725643743993,-112,7,3,4,win,0.8929
2026-07-23,MIN,CLE,7.5,2026-07-23T17:11:00Z,8.159781516934682,over,watch,0.10127143535618233,-102,4,3,1,loss,-1.0000
2026-07-23,TBR,TOR,8.5,2026-07-23T19:08:00Z,9.308538466663922,over,lean,0.07631526385771492,-112,4,1,3,loss,-1.0000
2026-07-24,LAA,SFG,8.5,2026-07-25T02:16:00Z,12.446921952479284,over,watch,0.5337863180899403,-110,13,6,7,win,0.9091
2026-07-25,ATH,MIN,10.0,2026-07-25T23:11:00Z,10.75282683998443,over,lean,0.06741086164103716,-112,2,0,2,loss,-1.0000
2026-07-25,ATL,BAL,9.0,2026-07-25T23:06:00Z,8.48135132732916,under,lean,0.04801855072681538,-108,5,2,3,win,0.9259
2026-07-25,CHC,PIT,7.5,2026-07-25T22:41:00Z,8.461296369150544,over,lean,0.07841407582257087,-117,11,11,0,win,0.8547
2026-07-25,CIN,STL,8.0,2026-07-25T23:16:00Z,9.511469456600901,over,watch,0.22350067674761598,-105,7,0,7,loss,-1.0000
2026-07-25,COL,MIL,9.0,2026-07-25T23:11:00Z,9.756972233446723,over,lean,0.054928469982256756,-115,13,5,8,win,0.8696
2026-07-25,HOU,CHW,8.0,2026-07-25T23:11:00Z,8.822340904993167,over,lean,0.06521982272990678,-115,5,4,1,loss,-1.0000
2026-07-25,LAD,NYM,7.0,2026-07-25T23:16:00Z,8.3939960644312,over,watch,0.13571949160701036,-119,7,4,3,push,0.0000
2026-07-25,NYY,PHI,9.0,2026-07-25T22:06:00Z,9.550594589184367,over,lean,0.04402744688565918,-110,4,3,1,loss,-1.0000
2026-07-25,SDP,MIA,8.0,2026-07-25T20:11:00Z,8.816868760180197,over,lean,0.08693506914142546,-110,9,7,2,win,0.9091
2026-07-25,SEA,TEX,7.5,2026-07-25T23:16:00Z,9.632974585262872,over,watch,0.3650425342105972,102,8,1,7,win,1.0200
2026-07-25,TOR,BOS,7.0,2026-07-25T20:11:00Z,8.095977183689945,over,watch,0.10802710040009789,-115,6,6,0,loss,-1.0000
2026-07-26,LAA,SFG,8.5,2026-07-26T20:06:00Z,7.290970184650211,under,watch,0.12795108034677938,-115,7,4,3,win,0.8696
2026-07-26,SEA,TEX,7.0,2026-07-26T18:36:00Z,8.700089592169762,over,watch,0.18010772955257837,-120,10,6,4,win,0.8333
2026-07-27,ARI,PIT,9.5,2026-07-27T22:40:00Z,10.094234457450053,over,lean,0.08577970121526302,-103,5,2,3,loss,-1.0000
2026-07-27,ATL,NYM,9.0,2026-07-27T23:10:00Z,6.447691571476972,under,watch,0.30427592643286894,-119,17,3,14,loss,-1.0000
2026-07-27,BAL,DET,8.5,2026-07-27T22:40:00Z,6.961438043639681,under,watch,0.20760151782463798,-109,13,8,5,loss,-1.0000
2026-07-27,BOS,ATH,9.5,2026-07-28T01:40:00Z,11.213285866458122,over,watch,0.20382724883439463,-115,6,4,2,loss,-1.0000
2026-07-27,CHC,STL,9.5,2026-07-28T01:30:00Z,10.853789946813928,over,watch,0.22934087175839268,100,10,7,3,win,1.0000
2026-07-27,MIL,SFG,8.5,2026-07-28T01:45:00Z,9.839805166711406,over,watch,0.14701294370243567,-115,3,0,3,loss,-1.0000
2026-07-27,NYY,CHW,8.5,2026-07-27T23:40:00Z,10.11940824106544,over,watch,0.24241164927552816,-105,14,9,5,win,0.9524
2026-07-27,PHI,MIA,7.5,2026-07-27T22:41:00Z,7.038076364355389,under,lean,0.05354266526595386,-105,15,7,8,loss,-1.0000
2026-07-27,SEA,TEX,8.0,2026-07-27T18:35:00Z,9.106047406624121,over,watch,0.11532811453413405,-114,10,3,7,win,0.8772
2026-07-27,TOR,WSN,10.0,2026-07-27T22:46:00Z,8.523494961290705,under,watch,0.1541881233051392,-118,5,3,2,win,0.8475
2026-07-28,BAL,DET,9.0,2026-07-28T22:41:00Z,7.065134359269616,under,watch,0.3410938620180075,103,14,0,14,loss,-1.0000
2026-07-28,BOS,ATH,10.0,2026-07-29T01:41:00Z,8.888655247572645,under,watch,0.1597617195651324,-105,7,3,4,win,0.9524
2026-07-28,COL,SDP,8.0,2026-07-29T01:41:00Z,9.071099183697154,over,lean,0.08291283540664507,-120,15,7,8,win,0.8333
2026-07-28,MIL,SFG,7.5,2026-07-29T01:46:00Z,7.974037590541633,over,lean,0.07023327345366903,-102,10,8,2,win,0.9804
2026-07-28,NYY,CHW,8.0,2026-07-28T23:41:00Z,9.197041288851306,over,watch,0.15771819629627126,-108,5,3,2,loss,-1.0000
2026-07-28,PHI,MIA,8.0,2026-07-28T22:41:00Z,9.30275912903376,over,watch,0.16422829645239756,-110,1,0,1,loss,-1.0000
2026-07-28,SEA,LAD,9.5,2026-07-29T02:11:00Z,7.940030973251682,under,watch,0.16535881158178944,-118,13,7,6,loss,-1.0000
2026-07-28,TOR,WSN,9.0,2026-07-28T22:46:00Z,9.30039498304972,over,lean,0.05121529841878991,100,14,6,8,win,1.0000
2026-07-29,BOS,ATH,10.5,2026-07-30T01:41:00Z,9.008086195615295,under,watch,0.25032859093567916,100,6,4,2,win,1.0000
2026-07-29,CHC,STL,8.0,2026-07-29T23:46:00Z,8.796453734547743,over,lean,0.08365163399908981,-110,5,2,3,loss,-1.0000
2026-07-29,CLE,CIN,8.5,2026-07-29T23:11:00Z,9.269882045133222,over,lean,0.0445368493532603,-118,7,6,1,loss,-1.0000
2026-07-29,KCR,MIN,9.0,2026-07-29T23:41:00Z,6.612766158058246,under,watch,0.32713882081232426,-110,4,4,0,win,0.9091
2026-07-29,SEA,LAD,9.5,2026-07-30T02:11:00Z,8.318639054332763,under,watch,0.13520836075210108,-112,6,2,4,win,0.8929
2026-07-29,TEX,TBR,7.5,2026-07-29T22:41:00Z,9.18861557357368,over,watch,0.19839679279031142,-115,3,0,3,loss,-1.0000
2026-07-30,BOS,ATH,10.5,2026-07-31T01:41:00Z,8.898649476757926,under,watch,0.21147109923035434,-110,9,5,4,win,0.9091
2026-07-30,MIA,NYM,7.0,2026-07-30T23:11:00Z,7.861437373867256,over,lean,0.07188170968061236,-115,6,2,4,loss,-1.0000
2026-07-30,PIT,CIN,9.5,2026-07-30T23:11:00Z,11.175511457072727,over,watch,0.20217919652670835,-114,5,2,3,loss,-1.0000
2026-07-30,SEA,LAD,8.5,2026-07-31T02:11:00Z,9.734870290154038,over,lean,0.09199302162914291,-124,8,2,6,loss,-1.0000
2026-07-30,TEX,TBR,7.5,2026-07-30T16:11:00Z,6.608413187934536,under,lean,0.09953421753897618,-110,5,2,3,win,0.9091
2026-07-30,WSN,ATL,10.0,2026-07-30T23:16:00Z,8.82130877629491,under,watch,0.15016176702933004,-109,9,4,5,win,0.9174
2026-07-31,ARI,CLE,8.5,2026-07-31T23:11:00Z,9.535733264883607,over,lean,0.0863923514502134,-118,5,4,1,loss,-1.0000
2026-07-31,DET,ATH,11.0,2026-08-01T01:41:00Z,9.784739015386878,under,watch,0.12733030981482263,-115,14,13,1,loss,-1.0000
2026-07-31,MIA,NYM,8.5,2026-07-31T23:11:00Z,11.016581453934839,over,watch,0.3246154234309895,-114,7,5,2,loss,-1.0000
2026-07-31,MIL,LAA,9.0,2026-08-01T01:39:00Z,9.637030423135903,over,lean,0.05845914839381816,-110,8,6,2,loss,-1.0000
2026-07-31,MIN,SEA,8.0,2026-08-01T02:11:00Z,8.463988598077293,over,lean,0.0688396047104256,-102,8,5,3,push,0.0000
2026-07-31,PIT,CIN,8.0,2026-07-31T22:11:00Z,10.385004092189977,over,watch,0.34009513127881874,-108,15,7,8,win,0.9259
2026-07-31,TEX,HOU,7.5,2026-08-01T00:16:00Z,8.547775086913433,over,watch,0.10576771623744308,-114,13,2,11,win,0.8772
2026-07-31,WSN,ATL,9.0,2026-07-31T23:16:00Z,8.328085041478204,under,lean,0.0832326849750713,-106,8,2,6,win,0.9434
2026-08-01,ARI,CLE,8.0,2026-08-01T23:16:00Z,7.4934591032286235,under,lean,0.08668561238365502,100,20,12,8,loss,-1.0000
2026-08-01,BOS,LAD,8.0,2026-08-02T01:11:00Z,7.4887765634620775,under,lean,0.05664198161016354,-106,5,3,2,win,0.9434
2026-08-01,CHW,TBR,8.0,2026-08-01T20:11:00Z,7.330607638850294,under,lean,0.04162887293146511,-115,1,0,1,win,0.8696
2026-08-01,DET,ATH,10.5,2026-08-02T01:41:00Z,11.351491075575733,over,lean,0.07050826004779465,-115,14,8,6,win,0.8696
2026-08-01,KCR,COL,11.5,2026-08-02T00:10:00Z,12.652299571018158,over,watch,0.1315352813214672,-112,18,6,12,win,0.8929
2026-08-01,MIA,NYM,9.0,2026-08-01T20:11:00Z,6.724667667723997,under,watch,0.2852189252515678,-115,8,6,2,win,0.8696
2026-08-01,MIL,LAA,8.5,2026-08-02T01:39:00Z,8.136284950261173,under,lean,0.04182803543457059,-104,4,3,1,win,0.9615
2026-08-01,NYY,CHC,6.0,2026-08-01T23:16:00Z,10.810484195547303,over,watch,0.5879828141756993,-115,7,2,5,win,0.8696
2026-08-01,PHI,BAL,8.0,2026-08-01T23:06:00Z,7.692620093579867,under,lean,0.042348021800757474,-102,5,5,0,win,0.9804
2026-08-01,PIT,CIN,8.0,2026-08-01T22:41:00Z,9.1045627584995,over,watch,0.1101816752373792,-115,5,4,1,loss,-1.0000
2026-08-01,SFG,SDP,8.5,2026-08-02T00:41:00Z,10.288033313315644,over,watch,0.26828054118344746,-105,11,5,6,win,0.9524
2026-08-01,STL,TOR,8.0,2026-08-01T19:08:00Z,9.052989156767392,over,watch,0.12530840534072585,-110,6,1,5,loss,-1.0000
2026-08-01,TEX,HOU,8.5,2026-08-01T23:11:00Z,12.611880553718994,over,watch,0.607212512952731,-102,9,4,5,win,0.9804
2026-08-02,ARI,CLE,8.0,2026-08-02T17:41:00Z,8.91068220487858,over,watch,0.12613608711873425,-105,5,0,5,loss,-1.0000
2026-08-02,CHW,TBR,7.5,2026-08-02T17:41:00Z,8.862870753732446,over,watch,0.1933535761016265,-106,10,9,1,win,0.9434
2026-08-02,DET,ATH,11.0,2026-08-02T20:06:00Z,8.361531761490703,under,watch,0.3324115231914775,-115,11,11,0,push,0.0000
2026-08-02,KCR,COL,12.0,2026-08-02T19:11:00Z,11.091120424847327,under,watch,0.12583529915288727,-105,9,1,8,win,0.9524
2026-08-02,MIN,SEA,7.0,2026-08-02T20:11:00Z,7.896368492393764,over,lean,0.06758241784231256,-117,13,6,7,win,0.8547
2026-08-02,NYY,CHC,6.5,2026-08-02T18:21:00Z,9.401393608561264,over,watch,0.3674754949703578,-115,3,2,1,loss,-1.0000
2026-08-02,PIT,CIN,8.5,2026-08-02T17:41:00Z,9.986744996583067,over,watch,0.14417553700333974,-120,12,2,10,win,0.8333
2026-08-02,SFG,SDP,8.0,2026-08-02T20:11:00Z,8.605277213148662,over,lean,0.052330349078860694,-110,9,4,5,win,0.9091
2026-08-02,STL,TOR,9.0,2026-08-02T17:38:00Z,9.257735725718005,over,lean,0.06981493540223949,105,6,5,1,loss,-1.0000
2026-08-03,LAD,CHC,8.0,2026-08-04T00:06:00Z,8.84146877099763,over,lean,0.06790629225086176,-115,15,5,10,win,0.8696
2026-08-03,PIT,MIL,8.5,2026-08-03T23:41:00Z,9.531939564918934,over,watch,0.15159741609253619,-104,7,4,3,loss,-1.0000
2026-08-03,SFG,TEX,8.0,2026-08-04T00:06:00Z,9.106912964238488,over,watch,0.12303868070580326,-112,6,5,1,loss,-1.0000
2026-08-03,TOR,HOU,9.0,2026-08-04T00:10:00Z,10.283289369491388,over,watch,0.12293723020303582,-118,4,3,1,loss,-1.0000
2026-08-03,WSN,PHI,9.0,2026-08-03T22:41:00Z,9.953347638576652,over,lean,0.0854037907568852,-115,9,3,6,push,0.0000
2026-08-04,DET,SEA,7.5,2026-08-05T01:41:00Z,6.0439282937946555,under,watch,0.21460812718279043,-105,8,8,0,loss,-1.0000
2026-08-04,LAA,BAL,9.0,2026-08-04T22:36:00Z,12.465179371968167,over,watch,0.41782935306996216,-119,4,1,3,loss,-1.0000
2026-08-04,LAD,CHC,9.0,2026-08-05T00:06:00Z,7.658787216080584,under,watch,0.1963319980662266,-105,6,1,5,win,0.9524
2026-08-04,MIA,ATL,9.0,2026-08-04T23:16:00Z,10.13187710581346,over,lean,0.09180227367270977,-120,6,2,4,loss,-1.0000
2026-08-04,MIN,KCR,9.0,2026-08-04T23:41:00Z,8.09190018895213,under,watch,0.11108002811996909,-108,10,2,8,loss,-1.0000
2026-08-04,NYM,CLE,7.5,2026-08-04T22:40:00Z,8.754515755688521,over,watch,0.19941586503240738,-102,8,6,2,win,0.9804
2026-08-04,PIT,MIL,7.5,2026-08-04T23:40:00Z,8.409293660432285,over,watch,0.1540135607321147,100,6,2,4,loss,-1.0000
2026-08-04,SFG,TEX,8.0,2026-08-05T00:06:00Z,8.53034340943787,over,lean,0.06424312766227702,-105,9,4,5,win,0.9524
2026-08-04,STL,NYY,8.0,2026-08-04T23:06:00Z,9.229274842916565,over,watch,0.10238626285283958,-121,2,0,2,loss,-1.0000
2026-08-04,TBR,COL,11.0,2026-08-05T00:41:00Z,11.765410243954994,over,lean,0.0693505092667166,-112,16,9,7,win,0.8929
2026-08-04,WSN,PHI,9.0,2026-08-04T22:40:00Z,12.041629296632305,over,watch,0.49156589732332034,101,5,0,5,loss,-1.0000
2026-08-05,ATH,CIN,9.5,2026-08-05T22:40:00Z,11.607640172549424,over,watch,0.32480065894867205,-104,5,2,3,loss,-1.0000
2026-08-05,CHW,BOS,8.5,2026-08-05T23:11:00Z,7.84766313417507,under,lean,0.07075640573913278,-108,4,0,4,win,0.9259
2026-08-05,DET,SEA,7.5,2026-08-06T01:41:00Z,8.759340976407605,over,watch,0.15901291504059634,-110,6,2,4,loss,-1.0000
2026-08-05,LAA,BAL,8.0,2026-08-05T22:36:00Z,8.612384765497257,over,lean,0.07882665114092169,-105,7,2,5,loss,-1.0000
2026-08-05,LAD,CHC,10.0,2026-08-05T18:21:00Z,8.800407518765624,under,watch,0.12570612410336413,-115,13,6,7,loss,-1.0000
2026-08-05,MIN,KCR,8.5,2026-08-05T23:41:00Z,10.825153961521494,over,watch,0.2688314611212119,-120,3,1,2,loss,-1.0000
2026-08-05,NYM,CLE,8.5,2026-08-05T22:40:00Z,7.447676346109694,under,lean,0.07326779475464029,-122,11,6,5,loss,-1.0000
2026-08-05,PIT,MIL,7.0,2026-08-05T23:40:00Z,7.778854250555475,over,lean,0.06828073917061528,-113,6,2,4,loss,-1.0000
2026-08-05,SDP,ARI,8.5,2026-08-06T01:41:00Z,9.151104427846423,over,lean,0.061211027066938595,-110,14,4,10,win,0.9091
2026-08-05,SFG,TEX,8.5,2026-08-05T18:36:00Z,10.804587190184293,over,watch,0.348123407453619,-105,6,0,6,loss,-1.0000
2026-08-05,STL,NYY,8.5,2026-08-05T23:06:00Z,9.235004592450126,over,lean,0.09922040289496525,-105,4,3,1,loss,-1.0000
2026-08-05,TBR,COL,11.5,2026-08-05T19:11:00Z,10.987942896877005,under,lean,0.04768338516868331,-108,4,4,0,win,0.9259
2026-08-05,TOR,HOU,8.0,2026-08-05T18:10:00Z,8.98843040331745,over,watch,0.11575961765027354,-110,9,5,4,win,0.9091
2026-08-05,WSN,PHI,9.5,2026-08-05T23:05:00Z,12.299761348950856,over,watch,0.38818919440831334,-110,14,10,4,win,0.9091
2026-08-06,CHW,BOS,9.0,2026-08-06T23:11:00Z,9.644529233357124,over,lean,0.06045052759815195,-110,23,11,12,win,0.9091
2026-08-06,LAA,BAL,9.5,2026-08-06T16:36:00Z,10.263831737198476,over,lean,0.040997965969550965,-119,5,4,1,loss,-1.0000
2026-08-06,PIT,MIL,7.5,2026-08-06T18:11:00Z,8.772385959550752,over,watch,0.11557479376470381,-120,7,2,5,loss,-1.0000
2026-08-06,SDP,ARI,9.0,2026-08-07T01:41:00Z,9.834895865496227,over,watch,0.1214144525654508,-104,6,5,1,loss,-1.0000
2026-08-06,TOR,CHC,7.5,2026-08-06T18:21:00Z,8.926855317439422,over,watch,0.1615157461216512,-115,5,2,3,loss,-1.0000
2026-08-06,WSN,PHI,8.5,2026-08-06T22:06:00Z,9.423085001005354,over,lean,0.061829620322456424,-120,10,3,7,win,0.8333
2026-08-07,ATH,BOS,8.5,2026-08-07T23:11:00Z,10.440773504671968,over,watch,0.2928862346840202,-105,14,1,13,win,0.9524
2026-08-07,ATL,NYY,8.0,2026-08-08T00:31:00Z,9.220241301980941,over,watch,0.1380916180826841,-113,5,2,3,loss,-1.0000
2026-08-07,BAL,TEX,7.5,2026-08-08T00:16:00Z,9.244933614536107,over,watch,0.2806111770803379,-102,3,1,2,loss,-1.0000
2026-08-07,CHC,KCR,9.5,2026-08-08T00:11:00Z,7.768082360636001,under,watch,0.1747830309427667,-122,10,6,4,loss,-1.0000
2026-08-07,CLE,CHW,7.5,2026-08-07T23:41:00Z,9.32957992487668,over,watch,0.22158497030093138,-115,10,8,2,win,0.8696
2026-08-07,COL,STL,8.5,2026-08-08T00:16:00Z,3.3825723215404198,under,watch,0.7324049636136412,100,5,2,3,win,1.0000
2026-08-07,DET,SFG,8.5,2026-08-08T02:16:00Z,7.328445132964887,under,watch,0.12122480640931954,-115,7,2,5,win,0.8696
2026-08-07,HOU,SDP,8.5,2026-08-08T01:41:00Z,9.915584026653047,over,watch,0.18347423447038458,-110,9,6,3,win,0.9091
2026-08-07,LAA,MIA,8.5,2026-08-07T23:11:00Z,12.676113824722542,over,watch,0.47420767444721235,-124,7,4,3,loss,-1.0000
2026-08-07,LAD,ARI,9.0,2026-08-08T01:41:00Z,10.169165668454344,over,watch,0.19311570210649065,-101,7,3,4,loss,-1.0000
2026-08-07,MIN,MIL,8.0,2026-08-07T23:41:00Z,9.240107760834466,over,watch,0.14598547885891344,-112,14,8,6,win,0.8929
2026-08-07,NYM,PIT,8.5,2026-08-07T22:41:00Z,7.012840950511029,under,watch,0.1304339141853299,-124,10,6,4,loss,-1.0000
2026-08-07,TBR,SEA,7.0,2026-08-08T01:46:00Z,3.3192451367485134,under,watch,0.5164466178931264,-108,3,2,1,win,0.9259
2026-08-07,TOR,PHI,8.0,2026-08-07T22:41:00Z,4.519407882303835,under,watch,0.4724029195885182,-111,9,5,4,loss,-1.0000
2026-08-08,ATH,BOS,9.0,2026-08-08T20:11:00Z,9.715802396684143,over,lean,0.09258002531093745,-106,10,7,3,win,0.9434
2026-08-08,ATL,NYY,7.5,2026-08-08T19:05:00Z,8.625660719515947,over,watch,0.13047300270201423,-112,9,4,5,win,0.8929
2026-08-08,BAL,TEX,7.5,2026-08-08T23:16:00Z,9.130392929702106,over,watch,0.24814194804755796,-105,6,1,5,loss,-1.0000
2026-08-08,CHC,KCR,9.0,2026-08-08T23:10:00Z,8.402333799983792,under,lean,0.07770954398015917,-105,9,3,6,push,0.0000
2026-08-08,CIN,WSN,8.5,2026-08-08T22:46:00Z,8.079828629965247,under,lean,0.04766310791718609,-105,10,2,8,loss,-1.0000
2026-08-08,CLE,CHW,7.0,2026-08-08T23:16:00Z,8.875684868210815,over,watch,0.2425159876133669,-113,9,3,6,win,0.8850
2026-08-08,COL,STL,8.5,2026-08-08T23:16:00Z,9.977783014066743,over,watch,0.17170320886801638,-115,14,8,6,win,0.8696
2026-08-08,DET,SFG,8.0,2026-08-08T23:16:00Z,8.558803573602109,over,lean,0.04739192782336232,-110,8,8,0,push,0.0000
2026-08-08,LAA,MIA,8.0,2026-08-08T20:11:00Z,7.492011939015828,under,lean,0.06254636568188676,-105,7,0,7,win,0.9524
2026-08-08,MIN,MIL,8.0,2026-08-08T23:11:00Z,9.019523032462198,over,watch,0.11341757069649128,-112,7,3,4,loss,-1.0000
2026-08-08,NYM,PIT,9.0,2026-08-08T22:41:00Z,7.398976526505768,under,watch,0.23771962057293705,-106,9,0,9,push,0.0000
2026-08-08,TBR,SEA,7.0,2026-08-09T01:50:00Z,7.9192171090063015,over,watch,0.11643190515345969,-108,5,3,2,loss,-1.0000
2026-08-08,TOR,PHI,9.5,2026-08-08T22:06:00Z,11.159157025794421,over,watch,0.24696973987849202,-106,12,7,5,win,0.9434
2026-08-09,ATH,BOS,10.0,2026-08-09T17:35:00Z,9.38774202550269,under,lean,0.06601853541475777,-108,7,4,3,win,0.9259
2026-08-09,ATL,NYY,8.5,2026-08-09T17:35:00Z,9.380986720177377,over,watch,0.11078471129221157,-108,3,2,1,loss,-1.0000
2026-08-09,BAL,TEX,8.0,2026-08-09T18:35:00Z,9.183769116703223,over,watch,0.10902097255077092,-119,15,10,5,win,0.8403
2026-08-09,CHC,KCR,10.5,2026-08-09T18:10:00Z,8.936243943289153,under,watch,0.17669401320728495,-117,12,10,2,loss,-1.0000
2026-08-09,COL,STL,9.0,2026-08-09T18:15:00Z,10.622041654671378,over,watch,0.17642522008680106,-119,11,4,7,win,0.8403
2026-08-09,DET,SFG,7.5,2026-08-09T20:05:00Z,6.6737635379826985,under,lean,0.07375854241021074,-114,4,3,1,win,0.8772
2026-08-09,HOU,SDP,9.0,2026-08-10T00:20:00Z,9.712921728520636,over,lean,0.05975524998630144,-113,9,2,7,push,0.0000
2026-08-09,LAA,MIA,8.5,2026-08-09T17:40:00Z,10.22474349960511,over,watch,0.25865909263157394,-106,15,3,12,win,0.9434
2026-08-09,MIN,MIL,7.0,2026-08-09T18:10:00Z,9.658497071898156,over,watch,0.3158762430028732,-121,7,3,4,push,0.0000
2026-08-09,TBR,SEA,7.5,2026-08-09T20:11:00Z,8.231877121866193,over,watch,0.13898594958561827,102,5,4,1,loss,-1.0000
2026-08-09,TOR,PHI,8.5,2026-08-09T17:36:00Z,10.042919825167234,over,watch,0.22961679374890887,-106,13,6,7,win,0.9434
2026-08-10,BAL,MIN,8.5,2026-08-10T23:40:00Z,11.304004222926158,over,watch,0.4300334372540884,-105,14,5,9,win,0.9524
2026-08-10,BOS,TOR,8.0,2026-08-10T23:07:00Z,11.13381538598103,over,watch,0.41899344291838325,-114,3,1,2,loss,-1.0000
2026-08-10,COL,ARI,8.5,2026-08-11T01:40:00Z,7.469677226136875,under,watch,0.1520978233777508,-105,9,0,9,loss,-1.0000
2026-08-10,HOU,SFG,8.5,2026-08-11T01:46:00Z,6.712946417855282,under,watch,0.20753289382578277,-118,9,6,3,loss,-1.0000
2026-08-10,KCR,LAD,7.5,2026-08-11T02:10:00Z,6.944214513051877,under,lean,0.04794503028501662,-110,11,5,6,loss,-1.0000
2026-08-10,MIL,SDP,7.5,2026-08-11T01:41:00Z,6.776640222433517,under,lean,0.05361885912367059,-115,5,2,3,win,0.8696
2026-08-10,PHI,STL,9.0,2026-08-10T23:46:00Z,8.354153634564376,under,lean,0.04097625847318742,-115,11,6,5,loss,-1.0000
2026-08-10,TBR,ATH,10.0,2026-08-11T01:41:00Z,11.211169580661018,over,watch,0.15608262971610665,-110,16,10,6,win,0.9091
2026-08-10,TEX,LAA,7.5,2026-08-11T01:38:00Z,8.66287816375606,over,watch,0.1384623340289206,-112,5,4,1,loss,-1.0000
2026-08-11,BAL,MIN,9.0,2026-08-11T23:41:00Z,8.272032798534077,under,watch,0.10665972501090537,-104,7,5,2,win,0.9615
2026-08-11,BOS,TOR,7.0,2026-08-11T23:08:00Z,8.087289628708703,over,watch,0.20856207485104084,103,8,3,5,win,1.0300
2026-08-11,CIN,CHW,7.5,2026-08-11T23:41:00Z,9.252856854748138,over,watch,0.20339871241236263,-118,9,5,4,win,0.8475
2026-08-11,CLE,DET,8.0,2026-08-11T22:41:00Z,8.511156380214766,over,lean,0.04076937105592626,-110,10,4,6,win,0.9091
2026-08-11,KCR,LAD,8.5,2026-08-12T02:11:00Z,8.99322202361149,over,lean,0.06626471740898943,-104,9,4,5,win,0.9615
2026-08-11,NYM,ATL,7.5,2026-08-11T23:45:00Z,8.633944324525416,over,watch,0.2646424246111527,111,4,0,4,loss,-1.0000
2026-08-11,PHI,STL,7.5,2026-08-11T23:46:00Z,7.138816606421424,under,lean,0.05354011161162209,-102,2,0,2,win,0.9804
2026-08-11,PIT,MIA,7.0,2026-08-11T22:41:00Z,8.177588216243924,over,watch,0.12753062141756377,-115,2,0,2,loss,-1.0000
2026-08-11,SEA,NYY,8.0,2026-08-11T23:06:00Z,9.264659038541872,over,watch,0.16555642116385627,-110,5,1,4,loss,-1.0000
2026-08-11,TBR,ATH,10.5,2026-08-12T01:41:00Z,7.967908372406656,under,watch,0.31702898892321074,-118,16,12,4,loss,-1.0000
2026-08-11,TEX,LAA,9.0,2026-08-12T01:39:00Z,6.155045320819742,under,watch,0.40521430244631573,-110,5,2,3,win,0.9091
2026-08-12,BOS,TOR,7.0,2026-08-12T23:07:00Z,7.774158490828032,over,lean,0.04210644538630959,-120,10,4,6,win,0.8333
2026-08-12,CIN,CHW,8.5,2026-08-12T23:40:00Z,10.028680128095482,over,watch,0.14796283963927848,-123,5,0,5,loss,-1.0000
2026-08-12,COL,ARI,9.0,2026-08-12T19:40:00Z,9.841180038127852,over,lean,0.060956156341368306,-118,10,6,4,win,0.8475
2026-08-12,HOU,SFG,8.5,2026-08-12T19:46:00Z,7.968789598723527,under,lean,0.04440851091423359,-110,3,2,1,win,0.9091
2026-08-12,KCR,LAD,9.0,2026-08-13T02:10:00Z,8.361868268663004,under,lean,0.05333737396530647,-112,6,2,4,win,0.8929
2026-08-12,PHI,STL,8.0,2026-08-12T18:15:00Z,7.168280354839315,under,lean,0.06358086440606714,-117,8,1,7,push,0.0000
2026-08-12,PIT,MIA,8.5,2026-08-12T22:41:00Z,8.030052078603505,under,lean,0.0478913793775082,-107,10,2,8,loss,-1.0000
2026-08-12,TBR,ATH,9.5,2026-08-12T19:06:00Z,9.915129792667663,over,lean,0.048073063551227646,-105,12,8,4,win,0.9524
2026-08-12,TEX,LAA,9.0,2026-08-13T02:11:00Z,9.684772169590827,over,watch,0.11017283096306896,-102,7,2,5,loss,-1.0000
2026-08-13,BOS,TOR,7.5,2026-08-13T19:08:00Z,8.632394235948155,over,watch,0.10710507757328602,-118,7,7,0,loss,-1.0000
2026-08-13,CIN,CHW,8.5,2026-08-13T17:11:00Z,9.009386359443063,over,lean,0.09005218291883965,100,17,9,8,win,1.0000
2026-08-13,MIL,LAD,8.0,2026-08-14T02:10:00Z,8.846143482372716,over,lean,0.08747223203922849,-112,9,5,4,win,0.8929
2026-08-13,SEA,NYY,7.5,2026-08-13T17:36:00Z,8.914000648826226,over,watch,0.18979582086391056,-110,1,1,0,loss,-1.0000
2026-08-13,TEX,LAA,7.5,2026-08-14T02:08:00Z,8.393500861116136,over,watch,0.14591642309893538,-102,7,0,7,loss,-1.0000
2026-08-14,ARI,ATL,8.0,2026-08-14T23:16:00Z,9.194695932044217,over,watch,0.1543796092330485,-110,2,2,0,loss,-1.0000
2026-08-14,BOS,PIT,8.0,2026-08-14T22:41:00Z,7.351129266564351,under,lean,0.0461642443047241,-114,12,4,8,loss,-1.0000
2026-08-14,CHW,DET,8.5,2026-08-14T22:41:00Z,9.340401072191357,over,watch,0.12075149301121102,-105,14,9,5,win,0.9524
2026-08-14,COL,SFG,7.5,2026-08-15T02:16:00Z,10.414305547198984,over,watch,0.4405078547058432,-106,7,5,2,loss,-1.0000
2026-08-14,KCR,LAA,8.5,2026-08-15T01:39:00Z,7.650566996712266,under,watch,0.11712051632335219,-106,13,7,6,loss,-1.0000
2026-08-14,MIA,CIN,8.0,2026-08-14T22:11:00Z,9.956201744422671,over,watch,0.30428486640417995,-105,1,0,1,loss,-1.0000
2026-08-14,MIL,LAD,7.5,2026-08-15T02:11:00Z,9.664827032096282,over,watch,0.26484761915998734,-118,4,1,3,loss,-1.0000
2026-08-14,SDP,CLE,7.0,2026-08-14T23:11:00Z,7.941529768267362,over,watch,0.12249166481890827,-108,12,7,5,win,0.9259
2026-08-14,SEA,HOU,8.0,2026-08-15T00:11:00Z,8.89202588676939,over,lean,0.081662208124613,-115,17,7,10,win,0.8696
2026-08-14,STL,CHC,8.0,2026-08-14T18:20:00Z,10.640622167941526,over,watch,0.40166307288993064,-106,3,0,3,loss,-1.0000
2026-08-14,WSN,NYM,8.5,2026-08-14T23:11:00Z,4.842104832790695,under,watch,0.5248678056523681,-108,5,1,4,win,0.9259
2026-08-15,ARI,ATL,9.0,2026-08-15T23:20:00Z,7.225403788016732,under,watch,0.23985747268685742,-111,13,10,3,loss,-1.0000
2026-08-15,BAL,TBR,7.5,2026-08-15T22:11:00Z,8.088730443851233,over,watch,0.10331527936056695,100,7,4,3,loss,-1.0000
2026-08-15,BOS,PIT,7.5,2026-08-15T23:16:00Z,6.991286495852744,under,lean,0.06838560431272867,-104,4,4,0,win,0.9615
2026-08-15,CHW,DET,8.0,2026-08-15T17:10:00Z,8.833697958184198,over,watch,0.11955893468242884,-105,7,4,3,loss,-1.0000
2026-08-15,COL,SFG,7.5,2026-08-15T20:06:00Z,10.562673124679204,over,watch,0.4324566279394979,-110,8,1,7,win,0.9091
2026-08-15,KCR,LAA,8.0,2026-08-16T01:38:00Z,6.5432252835035465,under,watch,0.1566322384861749,-118,1,0,1,win,0.8475
2026-08-15,MIA,CIN,9.0,2026-08-15T22:41:00Z,10.170115268220561,over,watch,0.12517228899066724,-115,12,8,4,win,0.8696
2026-08-15,MIL,LAD,7.5,2026-08-15T23:15:00Z,6.464800322623919,under,watch,0.1036050688550969,-115,5,4,1,win,0.8696
2026-08-15,SDP,CLE,8.5,2026-08-15T23:11:00Z,7.431138174292746,under,watch,0.1324675441537353,-110,7,1,6,win,0.9091
2026-08-15,STL,CHC,9.0,2026-08-15T18:21:00Z,8.754717849505003,under,lean,0.06920423493601291,105,12,8,4,loss,-1.0000
2026-08-15,TEX,ATH,9.5,2026-08-16T01:40:00Z,9.809624535850796,over,lean,0.05481236023677094,100,8,5,3,loss,-1.0000
2026-08-15,WSN,NYM,8.5,2026-08-15T20:11:00Z,7.912989773225629,under,lean,0.05283719244813079,-110,9,4,5,loss,-1.0000
2026-08-16,ARI,ATL,9.0,2026-08-16T17:36:00Z,7.338283319410644,under,watch,0.24119515262188207,-108,8,3,5,win,0.9259
2026-08-16,BAL,TBR,7.0,2026-08-16T16:16:00Z,9.080961306273144,over,watch,0.24421131149746267,-120,12,10,2,win,0.8333
2026-08-16,BOS,PIT,8.0,2026-08-16T17:36:00Z,7.129862524607363,under,watch,0.12632764106171268,-105,11,3,8,loss,-1.0000
2026-08-16,CHW,DET,8.0,2026-08-16T17:41:00Z,6.844729116964349,under,watch,0.15866544825114604,-108,12,7,5,loss,-1.0000
2026-08-16,COL,SFG,8.0,2026-08-16T20:05:00Z,8.525937292491173,over,lean,0.04362738440142078,-110,20,13,7,win,0.9091
2026-08-16,KCR,LAA,8.5,2026-08-16T20:07:00Z,10.582053027908621,over,watch,0.29581922260812776,-110,3,3,0,loss,-1.0000
2026-08-16,MIA,CIN,8.5,2026-08-16T17:41:00Z,9.047945155446318,over,lean,0.056578959070002766,-108,8,7,1,loss,-1.0000
2026-08-16,MIL,LAD,7.5,2026-08-16T20:10:00Z,6.601024330667489,under,lean,0.05438083024485274,-122,8,6,2,loss,-1.0000
2026-08-16,NYY,TOR,6.5,2026-08-16T17:38:00Z,7.471559879655287,over,lean,0.06583815816997629,-122,7,4,3,win,0.8197
2026-08-16,PHI,MIN,9.5,2026-08-16T18:11:00Z,11.423391211563192,over,watch,0.3001660329417357,-105,12,7,5,win,0.9524
2026-08-16,SDP,CLE,8.0,2026-08-16T20:51:00Z,7.421695253441657,under,lean,0.06643979234356556,-107,5,5,0,win,0.9346
2026-08-16,SEA,HOU,8.0,2026-08-16T23:20:00Z,8.598238806,over,watch,0.10055204843039389,-101,5,3,2,loss,-1.0000
2026-08-16,TEX,ATH,9.5,2026-08-16T20:06:00Z,8.411069137313655,under,watch,0.11865787569072417,-114,7,2,5,win,0.8772
2026-08-16,WSN,NYM,8.5,2026-08-16T17:41:00Z,9.391918335699401,over,lean,0.06930757494706663,-118,7,3,4,loss,-1.0000
2026-08-17,ARI,BOS,9.0,2026-08-17T23:11:00Z,9.381761023178106,over,lean,0.04220781136143659,-105,12,1,11,win,0.9524
2026-08-17,ATH,KCR,9.0,2026-08-17T23:41:00Z,9.801485544029198,over,lean,0.08955424521999622,-110,14,5,9,win,0.9091
2026-08-17,ATL,MIN,9.0,2026-08-18T00:31:00Z,8.161921423798532,under,watch,0.13653642976862268,-102,6,2,4,win,0.9804
2026-08-17,BAL,TBR,7.5,2026-08-17T22:05:00Z,8.565998412631874,over,watch,0.10105679717749672,-117,13,6,7,win,0.8547
2026-08-17,CHW,CHC,8.0,2026-08-18T00:06:00Z,9.159287697209054,over,watch,0.11158028081020666,-118,12,5,7,win,0.8475
2026-08-17,LAD,COL,11.0,2026-08-18T00:41:00Z,11.720516884581091,over,watch,0.10068597314335093,-105,16,11,5,win,0.9524
2026-08-17,MIA,PHI,8.5,2026-08-17T22:40:00Z,9.450981948238313,over,watch,0.1292347803624363,-107,11,5,6,win,0.9346
2026-08-17,SDP,NYM,7.5,2026-08-17T23:11:00Z,8.70886548793047,over,watch,0.13282236210578913,-115,3,1,2,loss,-1.0000
2026-08-18,ARI,BOS,7.5,2026-08-18T23:11:00Z,8.754474602741782,over,watch,0.11888202869625442,-120,13,4,9,win,0.8333
2026-08-18,ATH,KCR,9.0,2026-08-18T23:41:00Z,8.374098143485286,under,watch,0.10022813581696144,-102,7,3,4,win,0.9804
2026-08-18,ATL,MIN,9.0,2026-08-18T23:40:00Z,9.300096100445923,over,lean,0.05869100361670876,101,5,1,4,loss,-1.0000
2026-08-18,CHW,CHC,9.0,2026-08-19T00:06:00Z,8.615935512093637,under,lean,0.06840128990285566,100,7,3,4,win,1.0000
2026-08-18,LAA,HOU,9.0,2026-08-19T00:11:00Z,9.956111044811209,over,lean,0.07984125299524569,-118,4,3,1,loss,-1.0000
2026-08-18,LAD,COL,11.5,2026-08-19T00:41:00Z,10.607401011202633,under,watch,0.12972439761203725,-105,13,7,6,loss,-1.0000
2026-08-18,MIA,PHI,8.0,2026-08-18T22:41:00Z,8.787491680224393,over,lean,0.0446118979067629,-120,10,4,6,win,0.8333
2026-08-18,SDP,NYM,8.5,2026-08-18T23:11:00Z,7.675381409759955,under,lean,0.09398677325191307,-110,7,5,2,win,0.9091
2026-08-18,SEA,MIL,7.5,2026-08-18T23:41:00Z,8.239086213432994,over,lean,0.05728426776242279,-115,22,0,22,win,0.8696
2026-08-18,SFG,CLE,8.0,2026-08-18T22:41:00Z,8.855042542335765,over,lean,0.07644508052711418,-115,9,1,8,win,0.8696
2026-08-18,STL,CIN,8.5,2026-08-18T22:41:00Z,9.168802217055637,over,lean,0.045807773392023465,-115,3,3,0,loss,-1.0000
2026-08-18,TOR,TBR,7.5,2026-08-18T22:41:00Z,8.801970543360344,over,watch,0.18226227684898522,-108,15,10,5,win,0.9259
2026-08-18,WSN,TEX,7.5,2026-08-19T00:06:00Z,9.083202255162778,over,watch,0.17887406374184756,-118,5,0,5,loss,-1.0000
2026-08-19,ARI,BOS,8.0,2026-08-19T20:10:00Z,8.63300130258414,over,lean,0.053045563678090435,-112,13,7,6,win,0.8929
2026-08-19,ATH,KCR,8.5,2026-08-19T23:41:00Z,9.607003196185294,over,lean,0.08789896920622886,-122,16,7,9,win,0.8197
2026-08-19,CHW,CHC,7.5,2026-08-19T18:21:00Z,8.278706456845569,over,lean,0.08657449392229966,-110,3,3,0,loss,-1.0000
2026-08-19,DET,PIT,8.0,2026-08-19T16:36:00Z,9.134513669267777,over,watch,0.1087947542463843,-118,7,3,4,loss,-1.0000
2026-08-19,LAD,COL,11.5,2026-08-20T00:40:00Z,10.812677953283572,under,lean,0.04067138853564023,-117,10,6,4,win,0.8547
2026-08-19,NYY,BAL,9.0,2026-08-19T22:36:00Z,8.81268073424933,under,lean,0.04892626222609042,103,8,5,3,win,1.0300
2026-08-19,SDP,NYM,8.5,2026-08-19T17:11:00Z,7.928911013029969,under,lean,0.07542961833040085,-105,6,2,4,win,0.9524
2026-08-19,SEA,MIL,7.5,2026-08-19T23:40:00Z,8.343479121843176,over,watch,0.11214839094460682,-107,12,7,5,win,0.9346
2026-08-19,SFG,CLE,7.5,2026-08-19T22:41:00Z,8.40314902414915,over,watch,0.1718146253497903,102,1,1,0,loss,-1.0000
2026-08-19,STL,CIN,8.5,2026-08-19T22:40:00Z,9.796950758632635,over,watch,0.21053566436955617,-103,9,4,5,win,0.9709
2026-08-19,TOR,TBR,7.0,2026-08-19T22:40:00Z,9.670529916831647,over,watch,0.31927708997894655,-122,13,6,7,win,0.8197
2026-08-19,WSN,TEX,7.5,2026-08-20T00:06:00Z,8.549221724843768,over,watch,0.12218229193028196,-112,6,6,0,loss,-1.0000
2026-08-20,ATH,KCR,8.0,2026-08-20T18:11:00Z,9.250267413691889,over,watch,0.1327128009017784,-117,8,2,6,push,0.0000
2026-08-20,LAA,HOU,8.0,2026-08-21T00:11:00Z,11.621026914682576,over,watch,0.4938798537008069,-113,21,18,3,win,0.8850
2026-08-20,NYY,BAL,8.0,2026-08-20T22:36:00Z,7.315016443894684,under,lean,0.06234304977508276,-112,7,6,1,win,0.8929
2026-08-20,SEA,MIL,8.0,2026-08-20T18:11:00Z,8.30382198537895,over,lean,0.044143465774812984,-102,11,4,7,win,0.9804
2026-08-20,SFG,CLE,7.0,2026-08-20T17:11:00Z,8.534097704647916,over,watch,0.3144522759971091,107,7,2,5,push,0.0000
2026-08-20,STL,CIN,9.0,2026-08-20T16:41:00Z,8.631238217485839,under,lean,0.04073635223616856,-105,19,10,9,loss,-1.0000
2026-08-20,TOR,TBR,7.0,2026-08-20T17:11:00Z,9.277665971750006,over,watch,0.2756663882106132,-120,6,5,1,loss,-1.0000
2026-08-20,WSN,TEX,7.5,2026-08-21T00:06:00Z,8.692815986065241,over,watch,0.22383799704987206,102,2,0,2,loss,-1.0000
2026-08-21,ATH,HOU,8.5,2026-08-22T00:11:00Z,7.667743457962079,under,lean,0.09729764093133686,-110,4,0,4,win,0.9091
2026-08-21,ATL,MIL,6.0,2026-08-21T20:11:00Z,5.578185516670431,under,lean,0.040916238185440434,-107,3,1,2,win,0.9346
2026-08-21,CIN,ARI,8.5,2026-08-22T01:41:00Z,8.990152330926591,over,lean,0.06248846670758068,-105,9,0,9,win,0.9524
2026-08-21,CLE,COL,10.5,2026-08-22T00:41:00Z,10.14442213376579,under,lean,0.05375894648567958,-102,10,9,1,win,0.9804
2026-08-21,DET,KCR,8.0,2026-08-22T00:11:00Z,5.27124710473713,under,watch,0.4354029914564599,-104,7,2,5,win,0.9615
2026-08-21,LAA,TEX,7.0,2026-08-22T00:16:00Z,8.783975087479911,over,watch,0.19105480218284288,-123,3,1,2,loss,-1.0000
2026-08-21,MIN,SDP,8.0,2026-08-22T01:41:00Z,9.971168483194074,over,watch,0.2520137705850998,-116,8,2,6,push,0.0000
2026-08-21,NYM,CHW,8.0,2026-08-22T00:01:00Z,8.797503011427487,over,watch,0.1267230271992783,-103,10,4,6,win,0.9709
2026-08-21,PIT,LAD,8.0,2026-08-22T02:11:00Z,8.620518573992536,over,lean,0.04346537568361786,-114,9,4,5,win,0.8772
2026-08-21,SFG,BOS,7.5,2026-08-21T23:11:00Z,7.906291692755517,over,lean,0.09479393073423092,104,10,4,6,win,1.0400
2026-08-21,STL,PHI,8.0,2026-08-21T22:41:00Z,8.918409915719048,over,watch,0.1117423210867532,-110,13,6,7,win,0.9091
2026-08-21,TBR,BAL,7.5,2026-08-21T23:16:00Z,10.16411943890145,over,watch,0.294808256986242,-128,8,3,5,win,0.7812
2026-08-21,TOR,NYY,7.0,2026-08-21T23:06:00Z,8.36938957504935,over,watch,0.17696304693932707,-112,4,1,3,loss,-1.0000
2026-08-21,WSN,MIA,7.5,2026-08-21T23:11:00Z,8.37741495466506,over,lean,0.06925421587342817,-118,5,2,3,loss,-1.0000
2026-08-22,ATH,HOU,8.0,2026-08-22T23:11:00Z,8.78492656713879,over,watch,0.11063932526664089,-106,7,4,3,loss,-1.0000
2026-08-22,ATL,MIL,8.0,2026-08-22T18:11:00Z,7.263031433620271,under,lean,0.08287154916176465,-110,5,1,4,win,0.9091
2026-08-22,CHC,SEA,7.5,2026-08-22T23:16:00Z,8.718539543735536,over,watch,0.1909139092315919,-105,9,4,5,win,0.9524
2026-08-22,CIN,ARI,8.0,2026-08-23T00:10:00Z,8.583366784855388,over,lean,0.06569903476820582,-108,16,11,5,win,0.9259
2026-08-22,CLE,COL,11.0,2026-08-23T00:11:00Z,11.336801772699166,over,lean,0.06689416431085604,101,7,4,3,loss,-1.0000
2026-08-22,LAA,TEX,8.0,2026-08-22T23:06:00Z,10.165797876477761,over,watch,0.27559695918513905,-118,3,3,0,loss,-1.0000
2026-08-22,PIT,LAD,7.5,2026-08-22T23:16:00Z,8.347783337626321,over,lean,0.09223214369686739,-112,7,3,4,loss,-1.0000
2026-08-22,SFG,BOS,8.0,2026-08-22T23:16:00Z,9.036915942764551,over,watch,0.13384901105244973,-110,5,2,3,loss,-1.0000
2026-08-22,STL,PHI,9.0,2026-08-22T22:06:00Z,9.736908508373938,over,watch,0.13441630155097517,100,15,3,12,win,1.0000
2026-08-22,TBR,BAL,8.5,2026-08-22T23:06:00Z,7.4623330650968125,under,watch,0.11077456424974574,-115,5,2,3,win,0.8696
2026-08-22,TOR,NYY,6.5,2026-08-22T17:36:00Z,7.946163052183268,over,watch,0.15524925813264856,-120,7,4,3,win,0.8333
2026-08-22,WSN,MIA,7.5,2026-08-22T20:11:00Z,9.22247006121719,over,watch,0.27086854342482414,-106,6,2,4,loss,-1.0000
2026-08-23,ATL,MIL,7.5,2026-08-23T23:11:00Z,8.71310103117897,over,watch,0.2060072305499825,-102,,,,pending,
2026-08-23,CLE,COL,11.0,2026-08-23T19:11:00Z,10.16905540065455,under,watch,0.16755004003229357,103,,,,pending,
2026-08-23,LAA,TEX,8.0,2026-08-23T18:36:00Z,9.266826894624534,over,watch,0.19811808553831645,-105,,,,pending,
2026-08-23,NYM,CHW,8.0,2026-08-23T18:11:00Z,7.402986595117306,under,lean,0.0775714019860021,-106,,,,pending,
2026-08-23,SFG,BOS,8.0,2026-08-23T19:11:00Z,7.636609220504274,under,lean,0.0455447678923282,-104,,,,pending,
2026-08-23,STL,PHI,7.5,2026-08-23T17:35:00Z,8.21064221971377,over,lean,0.07743560147024953,-110,,,,pending,
2026-08-23,TBR,BAL,8.5,2026-08-23T17:36:00Z,8.017743604462607,under,lean,0.061678434142427685,-105,,,,pending,
2026-08-23,TOR,NYY,7.5,2026-08-23T17:36:00Z,8.412844479329598,over,lean,0.08893379092796394,-115,,,,pending,
2026-08-23,WSN,MIA,8.5,2026-08-23T17:41:00Z,9.746842415000287,over,watch,0.22385051437971426,100,,,,pending,
