date,away_team,home_team,home_wrc_plus,away_wrc_plus,home_sp_xfip,away_sp_xfip,home_bullpen_xfip,away_bullpen_xfip,park_factor,temp_f,wind_out_mph,wind_mph,wind_dir_degrees,roof,home_sp_name,away_sp_name,venue_name,game_id,commence_time
2026-09-27,NYM,WSN,91.6,105.9,10.29,4.78,4.41,4.31,100,61.1,-3.1,9.9,303.0,no,DJ Herz,Sean Manaea,Nationals Park,822679,2026-09-27T17:05:00Z
2026-09-27,TBR,PHI,97.9,100.2,3.0,3.1,3.92,3.8,103,62.0,2.1,9.3,352.0,no,Zack Wheeler,Nick Martinez,Citizens Bank Park,823408,2026-09-27T18:30:00Z
2026-09-27,CHC,BOS,84.9,117.2,9.0,3.77,3.73,4.55,105,58.1,-11.6,13.4,15.0,no,Tanner Houck,Shota Imanaga,Tropicana Field,824705,2026-09-27T19:05:00Z
2026-09-27,HOU,ATH,97.6,95.0,5.88,3.82,5.6,4.62,98,79.5,7.2,7.3,236.0,no,Seth Johnson,Peter Lambert,Sutter Health Park,824948,2026-09-27T19:05:00Z
2026-09-27,LAD,SFG,97.6,106.0,4.55,3.2,4.95,3.38,96,62.1,15.2,15.4,279.0,no,Carson Seymour,Jack Dreyer,Oracle Park,823164,2026-09-27T19:05:00Z
2026-09-27,CIN,TOR,92.1,94.6,5.74,5.3,4.03,6.1,101,67.1,0,4.6,51.0,yes,Max Scherzer,Brandon Williamson,Rogers Centre,822761,2026-09-27T19:07:00Z
2026-09-27,CLE,KCR,105.3,107.7,4.08,2.56,4.9,3.85,101,70.8,-6.2,7.9,83.0,no,Daniel Lynch IV,Parker Messick,Kauffman Stadium,824055,2026-09-27T19:10:00Z
2026-09-27,PIT,DET,93.6,91.0,4.15,3.72,4.54,3.74,98,66.1,1.8,6.5,49.0,no,River Ryan,Jared Jones,Comerica Park,824217,2026-09-27T19:10:00Z
2026-09-27,ARI,SDP,109.3,104.7,3.9,3.41,4.0,4.62,96,79.9,0.4,0.9,135.0,no,Randy Vásquez,Michael Soroka,Petco Park,823246,2026-09-27T19:10:00Z
2026-09-27,LAA,SEA,105.4,88.7,3.73,4.92,5.6,4.05,95,60.8,0,7.2,355.0,yes,Logan Gilbert,Yusei Kikuchi,T-Mobile Park,823084,2026-09-27T19:10:00Z
2026-09-27,TEX,MIN,92.7,96.0,4.68,4.58,4.87,4.55,99,66.8,-0.8,1.8,30.0,no,Dean Kremer,MacKenzie Gore,Target Field,823650,2026-09-27T19:10:00Z
2026-09-27,COL,CHW,109.5,96.5,4.44,6.65,4.6,6.17,101,60.7,0.8,5.5,32.0,no,Anthony Kay,Kyle Freeland,Rate Field,824542,2026-09-27T19:10:00Z
2026-09-27,ATL,MIA,98.2,82.6,4.22,4.91,4.95,3.85,96,79.2,0,2.6,59.0,yes,Janson Junk,JR Ritchie,loanDepot park,823814,2026-09-27T19:10:00Z
2026-09-27,STL,MIL,130.6,104.3,1.8,3.83,3.8,5.33,101,60.4,0,1.4,72.0,yes,Jacob Misiorowski,Andre Pallante,American Family Field,823731,2026-09-27T19:10:00Z
2026-09-27,BAL,NYY,105.6,97.6,5.4,4.11,3.56,4.0,104,60.9,-5.0,11.4,11.0,no,Elmer Rodríguez,Shane Baz,Yankee Stadium,823490,2026-09-27T17:05:00Z
