date,away_team,home_team,market_total,over_odds,under_odds,source
2026-05-15,PHI,PIT,,,,
2026-05-15,BAL,WSN,,,,
2026-05-15,TOR,DET,,,,
2026-05-15,CIN,CLE,,,,
2026-05-15,MIA,TBR,,,,
2026-05-15,MIL,MIN,,,,
2026-05-15,BOS,ATL,,,,
2026-05-15,NYY,NYM,,,,
2026-05-15,CHC,CHW,,,,
2026-05-15,TEX,HOU,,,,
2026-05-15,KCR,STL,,,,
2026-05-15,ARI,COL,,,,
2026-05-15,LAD,LAA,,,,
2026-05-15,SDP,SEA,,,,
2026-05-15,SFG,ATH,,,,
2026-05-16,TOR,DET,,,,
2026-05-16,KCR,STL,,,,
2026-05-16,ARI,COL,,,,
2026-05-16,BAL,WSN,,,,
2026-05-16,PHI,PIT,,,,
2026-05-16,MIA,TBR,,,,
2026-05-16,CIN,CLE,,,,
2026-05-16,TEX,HOU,,,,
2026-05-16,CHC,CHW,,,,
2026-05-16,MIL,MIN,,,,
2026-05-16,SDP,SEA,,,,
2026-05-16,BOS,ATL,,,,
2026-05-16,NYY,NYM,,,,
2026-05-16,LAD,LAA,,,,
2026-05-16,SFG,ATH,,,,
2026-05-17,MIA,TBR,,,,
2026-05-17,BAL,WSN,,,,
2026-05-17,PHI,PIT,,,,
2026-05-17,BOS,ATL,,,,
2026-05-17,CIN,CLE,,,,
2026-05-17,TOR,DET,,,,
2026-05-17,NYY,NYM,,,,
2026-05-17,TEX,HOU,,,,
2026-05-17,CHC,CHW,,,,
2026-05-17,MIL,MIN,,,,
2026-05-17,KCR,STL,,,,
2026-05-17,ARI,COL,,,,
2026-05-17,SFG,ATH,,,,
2026-05-17,LAD,LAA,,,,
2026-05-17,SDP,SEA,,,,
2026-05-18,CLE,DET,,,,
2026-05-18,BAL,TBR,,,,
2026-05-18,CIN,PHI,,,,
2026-05-18,ATL,MIA,,,,
2026-05-18,NYM,WSN,,,,
2026-05-18,TOR,NYY,,,,
2026-05-18,BOS,KCR,,,,
2026-05-18,HOU,MIN,,,,
2026-05-18,MIL,CHC,,,,
2026-05-18,TEX,COL,,,,
2026-05-18,ATH,LAA,,,,
2026-05-18,LAD,SDP,,,,
2026-05-18,SFG,ARI,,,,
2026-05-18,CHW,SEA,,,,
2026-05-19,ATL,MIA,,,,
2026-05-19,CLE,DET,,,,
2026-05-19,BAL,TBR,,,,
2026-05-19,CIN,PHI,,,,
2026-05-19,NYM,WSN,,,,
2026-05-19,TOR,NYY,,,,
2026-05-19,BOS,KCR,,,,
2026-05-19,HOU,MIN,,,,
2026-05-19,MIL,CHC,,,,
2026-05-19,PIT,STL,,,,
2026-05-19,TEX,COL,,,,
2026-05-19,ATH,LAA,,,,
2026-05-19,LAD,SDP,,,,
2026-05-19,SFG,ARI,,,,
2026-05-19,CHW,SEA,,,,
2026-05-20,CIN,PHI,,,,
2026-05-20,BAL,TBR,,,,
2026-05-20,HOU,MIN,,,,
2026-05-20,TEX,COL,,,,
2026-05-20,SFG,ARI,,,,
2026-05-20,CHW,SEA,,,,
2026-05-20,CLE,DET,,,,
2026-05-20,ATL,MIA,,,,
2026-05-20,NYM,WSN,,,,
2026-05-20,TOR,NYY,,,,
2026-05-20,BOS,KCR,,,,
2026-05-20,MIL,CHC,,,,
2026-05-20,PIT,STL,,,,
2026-05-20,LAD,SDP,,,,
2026-05-20,ATH,LAA,,,,
2026-05-21,CLE,DET,,,,
2026-05-21,PIT,STL,,,,
2026-05-21,NYM,WSN,,,,
2026-05-21,ATL,MIA,,,,
2026-05-21,TOR,NYY,,,,
2026-05-21,ATH,LAA,,,,
2026-05-21,COL,ARI,,,,
2026-05-22,HOU,CHC,,,,
2026-05-22,CLE,PHI,,,,
2026-05-22,TBR,NYY,,,,
2026-05-22,PIT,TOR,,,,
2026-05-22,MIN,BOS,,,,
2026-05-22,NYM,MIA,,,,
2026-05-22,DET,BAL,,,,
2026-05-22,WSN,ATL,,,,
2026-05-22,SEA,KCR,,,,
2026-05-22,LAD,MIL,,,,
2026-05-22,TEX,LAA,,,,
2026-05-22,COL,ARI,,,,
2026-05-22,ATH,SDP,,,,
2026-05-22,CHW,SFG,,,,
2026-05-23,STL,CIN,,,,
2026-05-23,HOU,CHC,,,,
2026-05-23,PIT,TOR,,,,
2026-05-23,CLE,PHI,,,,
2026-05-23,CHW,SFG,,,,
2026-05-23,SEA,KCR,,,,
2026-05-23,MIN,BOS,,,,
2026-05-23,WSN,ATL,,,,
2026-05-23,NYM,MIA,,,,
2026-05-23,LAD,MIL,,,,
2026-05-23,ATH,SDP,,,,
2026-05-23,TEX,LAA,,,,
2026-05-23,COL,ARI,,,,
2026-05-24,PIT,TOR,,,,
2026-05-24,DET,BAL,,,,
2026-05-24,MIN,BOS,,,,
2026-05-24,CLE,PHI,,,,
2026-05-24,TBR,NYY,,,,
2026-05-24,NYM,MIA,,,,
2026-05-24,SEA,KCR,,,,
2026-05-24,LAD,MIL,,,,
2026-05-24,HOU,CHC,,,,
2026-05-24,CHW,SFG,,,,
2026-05-24,COL,ARI,,,,
2026-05-24,ATH,SDP,,,,
2026-05-24,WSN,ATL,,,,
2026-05-24,TEX,LAA,,,,
2026-05-25,CHC,PIT,,,,
2026-05-25,TBR,BAL,,,,
2026-05-25,MIN,CHW,,,,
2026-05-25,STL,MIL,,,,
2026-05-25,NYY,KCR,,,,
2026-05-25,CIN,NYM,,,,
2026-05-25,ARI,SFG,,,,
2026-05-25,WSN,CLE,,,,
2026-05-25,PHI,SDP,,,,
2026-05-25,HOU,TEX,,,,
2026-05-25,MIA,TOR,,,,
2026-05-25,COL,LAD,,,,
2026-05-25,SEA,ATH,,,,
2026-05-26,WSN,CLE,,,,
2026-05-26,TBR,BAL,,,,
2026-05-26,LAA,DET,,,,
2026-05-26,CHC,PIT,,,,
2026-05-26,ATL,BOS,,,,
2026-05-26,MIA,TOR,,,,
2026-05-26,CIN,NYM,,,,
2026-05-26,MIN,CHW,,,,
2026-05-26,NYY,KCR,,,,
2026-05-26,STL,MIL,,,,
2026-05-26,HOU,TEX,,,,
2026-05-26,SEA,ATH,,,,
2026-05-26,PHI,SDP,,,,
2026-05-26,ARI,SFG,,,,
2026-05-26,COL,LAD,,,,
2026-05-27,MIA,TOR,,,,
2026-05-27,WSN,CLE,,,,
2026-05-27,STL,MIL,,,,
2026-05-27,SEA,ATH,,,,
2026-05-27,ARI,SFG,,,,
2026-05-27,PHI,SDP,,,,
2026-05-27,TBR,BAL,,,,
2026-05-27,LAA,DET,,,,
2026-05-27,CHC,PIT,,,,
2026-05-27,ATL,BOS,,,,
2026-05-27,CIN,NYM,,,,
2026-05-27,MIN,CHW,,,,
2026-05-27,NYY,KCR,,,,
2026-05-27,HOU,TEX,,,,
2026-05-27,COL,LAD,,,,
2026-05-28,LAA,DET,,,,
2026-05-28,MIN,CHW,,,,
2026-05-28,ATL,BOS,,,,
2026-05-28,TOR,BAL,,,,
2026-05-28,CHC,PIT,,,,
2026-05-28,HOU,TEX,,,,
2026-05-29,ATL,CIN,,,,
2026-05-29,SDP,WSN,,,,
2026-05-29,MIN,PIT,,,,
2026-05-29,TOR,BAL,,,,
2026-05-29,BOS,CLE,,,,
2026-05-29,LAA,TBR,,,,
2026-05-29,MIA,NYM,,,,
2026-05-29,CHC,STL,,,,
2026-05-29,DET,CHW,,,,
2026-05-29,KCR,TEX,,,,
2026-05-29,MIL,HOU,,,,
2026-05-29,SFG,COL,,,,
2026-05-29,NYY,ATH,,,,
2026-05-29,ARI,SEA,,,,
2026-05-29,PHI,LAD,,,,
2026-05-30,DET,CHW,,,,
2026-05-30,SDP,WSN,,,,
2026-05-30,KCR,TEX,,,,
2026-05-30,TOR,BAL,,,,
2026-05-30,MIN,PIT,,,,
2026-05-30,BOS,CLE,,,,
2026-05-30,LAA,TBR,,,,
2026-05-30,MIA,NYM,,,,
2026-05-30,MIL,HOU,,,,
2026-05-30,CHC,STL,,,,
2026-05-30,ATL,CIN,,,,
2026-05-30,SFG,COL,,,,
2026-05-30,NYY,ATH,,,,
2026-05-30,ARI,SEA,,,,
2026-05-30,PHI,LAD,,,,
2026-05-31,TOR,BAL,,,,
2026-05-31,SDP,WSN,,,,
2026-05-31,MIN,PIT,,,,
2026-05-31,BOS,CLE,,,,
2026-05-31,LAA,TBR,,,,
2026-05-31,ATL,CIN,,,,
2026-05-31,MIA,NYM,,,,
2026-05-31,DET,CHW,,,,
2026-05-31,MIL,HOU,,,,
2026-05-31,KCR,TEX,,,,
2026-05-31,SFG,COL,,,,
2026-05-31,NYY,ATH,,,,
2026-05-31,ARI,SEA,,,,
2026-05-31,PHI,LAD,,,,
2026-05-31,CHC,STL,,,,
2026-06-01,DET,TBR,,,,
2026-06-01,MIA,WSN,,,,
2026-06-01,KCR,CIN,,,,
2026-06-01,CHW,MIN,,,,
2026-06-01,SFG,MIL,,,,
2026-06-01,TEX,STL,,,,
2026-06-01,COL,LAA,,,,
2026-06-01,LAD,ARI,,,,
2026-06-01,NYM,SEA,,,,
2026-06-02,DET,TBR,,,,
2026-06-02,SDP,PHI,,,,
2026-06-02,BAL,BOS,,,,
2026-06-02,MIA,WSN,,,,
2026-06-02,CLE,NYY,,,,
2026-06-02,KCR,CIN,,,,
2026-06-02,TOR,ATL,,,,
2026-06-02,CHW,MIN,,,,
2026-06-02,SFG,MIL,,,,
2026-06-02,TEX,STL,,,,
2026-06-02,ATH,CHC,,,,
2026-06-02,PIT,HOU,,,,
2026-06-02,COL,LAA,,,,
2026-06-02,LAD,ARI,,,,
2026-06-02,NYM,SEA,,,,
2026-06-03,MIA,WSN,,,,
2026-06-03,DET,TBR,,,,
2026-06-03,CHW,MIN,,,,
2026-06-03,NYM,SEA,,,,
2026-06-03,SDP,PHI,,,,
2026-06-03,BAL,BOS,,,,
2026-06-03,CLE,NYY,,,,
2026-06-03,KCR,CIN,,,,
2026-06-03,TOR,ATL,,,,
2026-06-03,SFG,MIL,,,,
2026-06-03,TEX,STL,,,,
2026-06-03,ATH,CHC,,,,
2026-06-03,PIT,HOU,,,,
2026-06-03,COL,LAA,,,,
2026-06-03,LAD,ARI,,,,
2026-06-04,SDP,PHI,,,,
2026-06-04,BAL,BOS,,,,
2026-06-04,CLE,NYY,,,,
2026-06-04,SFG,MIL,,,,
2026-06-04,TOR,ATL,,,,
2026-06-04,KCR,MIN,,,,
2026-06-04,ATH,CHC,,,,
2026-06-04,PIT,HOU,,,,
2026-06-04,LAD,ARI,,,,
2026-06-05,SFG,CHC,,,,
2026-06-05,SEA,DET,,,,
2026-06-05,CHW,PHI,,,,
2026-06-05,BOS,NYY,,,,
2026-06-05,BAL,TOR,,,,
2026-06-05,TBR,MIA,,,,
2026-06-05,PIT,ATL,,,,
2026-06-05,ATH,HOU,,,,
2026-06-05,CIN,STL,,,,
2026-06-05,CLE,TEX,,,,
2026-06-05,KCR,MIN,,,,
2026-06-05,MIL,COL,,,,
2026-06-05,WSN,ARI,,,,
2026-06-05,NYM,SDP,,,,
2026-06-05,LAA,LAD,,,,
2026-06-06,SEA,DET,,,,
2026-06-06,KCR,MIN,,,,
2026-06-06,CIN,STL,,,,
2026-06-06,SFG,CHC,,,,
2026-06-06,BAL,TOR,,,,
2026-06-06,CHW,PHI,,,,
2026-06-06,WSN,ARI,,,,
2026-06-06,ATH,HOU,,,,
2026-06-06,PIT,ATL,,,,
2026-06-06,TBR,MIA,,,,
2026-06-06,CLE,TEX,,,,
2026-06-06,MIL,COL,,,,
2026-06-06,LAA,LAD,,,,
2026-06-06,NYM,SDP,,,,
2026-06-07,PIT,ATL,,,,
2026-06-07,CHW,PHI,,,,
2026-06-07,BOS,NYY,,,,
2026-06-07,BAL,TOR,,,,
2026-06-07,SEA,DET,,,,
2026-06-07,TBR,MIA,,,,
2026-06-07,ATH,HOU,,,,
2026-06-07,KCR,MIN,,,,
2026-06-07,CIN,STL,,,,
2026-06-07,CLE,TEX,,,,
2026-06-07,MIL,COL,,,,
2026-06-07,WSN,ARI,,,,
2026-06-07,LAA,LAD,,,,
2026-06-07,NYM,SDP,,,,
2026-06-07,SFG,CHC,,,,
2026-06-08,SEA,BAL,,,,
2026-06-08,BOS,TBR,,,,
2026-06-08,NYY,CLE,,,,
2026-06-08,PHI,TOR,,,,
2026-06-08,HOU,LAA,,,,
2026-06-08,CIN,SDP,,,,
2026-06-08,WSN,SFG,,,,
2026-06-08,MIL,ATH,,,,
2026-06-09,SEA,BAL,,,,
2026-06-09,LAD,PIT,,,,
2026-06-09,BOS,TBR,,,,
2026-06-09,MIN,DET,,,,
2026-06-09,ARI,MIA,,,,
2026-06-09,NYY,CLE,,,,
2026-06-09,PHI,TOR,,,,
2026-06-09,STL,NYM,,,,
2026-06-09,TEX,KCR,,,,
2026-06-09,ATL,CHW,,,,
2026-06-09,CHC,COL,,,,
2026-06-09,HOU,LAA,,,,
2026-06-09,CIN,SDP,,,,
2026-06-09,WSN,SFG,,,,
2026-06-09,MIL,ATH,,,,
2026-06-10,BOS,TBR,,,,
2026-06-10,NYY,CLE,,,,
2026-06-10,WSN,SFG,,,,
2026-06-10,CIN,SDP,,,,
2026-06-10,SEA,BAL,,,,
2026-06-10,LAD,PIT,,,,
2026-06-10,MIN,DET,,,,
2026-06-10,ARI,MIA,,,,
2026-06-10,PHI,TOR,,,,
2026-06-10,STL,NYM,,,,
2026-06-10,TEX,KCR,,,,
2026-06-10,ATL,CHW,,,,
2026-06-10,CHC,COL,,,,
2026-06-10,MIL,ATH,,,,
2026-06-10,HOU,LAA,,,,
2026-06-11,STL,NYM,,,,
2026-06-11,MIN,DET,,,,
2026-06-11,ARI,MIA,,,,
2026-06-11,TEX,KCR,,,,
2026-06-11,CHC,COL,,,,
2026-06-11,LAD,PIT,,,,
2026-06-11,SEA,BAL,,,,
2026-06-12,MIA,PIT,,,,
2026-06-12,SEA,WSN,,,,
2026-06-12,SDP,BAL,,,,
2026-06-12,DET,CLE,,,,
2026-06-12,TEX,BOS,,,,
2026-06-12,ARI,CIN,,,,
2026-06-12,ATL,NYM,,,,
2026-06-12,NYY,TOR,,,,
2026-06-12,LAD,CHW,,,,
2026-06-12,PHI,MIL,,,,
2026-06-12,HOU,KCR,,,,
2026-06-12,STL,MIN,,,,
2026-06-12,TBR,LAA,,,,
2026-06-12,COL,ATH,,,,
2026-06-12,CHC,SFG,,,,
2026-06-13,STL,MIN,,,,
2026-06-13,NYY,TOR,,,,
2026-06-13,SDP,BAL,,,,
2026-06-13,SEA,WSN,,,,
2026-06-13,MIA,PIT,,,,
2026-06-13,ARI,CIN,,,,
2026-06-13,DET,CLE,,,,
2026-06-13,TEX,BOS,,,,
2026-06-13,ATL,NYM,,,,
2026-06-13,LAD,CHW,,,,
2026-06-13,HOU,KCR,,,,
2026-06-13,PHI,MIL,,,,
2026-06-13,COL,ATH,,,,
2026-06-13,CHC,SFG,,,,
2026-06-13,TBR,LAA,,,,
2026-06-14,MIA,PIT,,,,
2026-06-14,SDP,BAL,,,,
2026-06-14,SEA,WSN,,,,
2026-06-14,NYY,TOR,,,,
2026-06-14,ARI,CIN,,,,
2026-06-14,ATL,NYM,,,,
2026-06-14,HOU,KCR,,,,
2026-06-14,STL,MIN,,,,
2026-06-14,LAD,CHW,,,,
2026-06-14,PHI,MIL,,,,
2026-06-14,COL,ATH,,,,
2026-06-14,CHC,SFG,,,,
2026-06-14,TBR,LAA,,,,
2026-06-14,TEX,BOS,,,,
2026-06-15,MIA,PHI,,,,
2026-06-15,KCR,WSN,,,,
2026-06-15,NYM,CIN,,,,
2026-06-15,SDP,STL,,,,
2026-06-15,COL,CHC,,,,
2026-06-15,MIN,TEX,,,,
2026-06-15,DET,HOU,,,,
2026-06-15,LAA,ARI,,,,
2026-06-15,PIT,ATH,,,,
2026-06-15,TBR,LAD,,,,
2026-06-16,MIA,PHI,,,,
2026-06-16,KCR,WSN,,,,
2026-06-16,TOR,BOS,,,,
2026-06-16,CHW,NYY,,,,
2026-06-16,NYM,CIN,,,,
2026-06-16,SFG,ATL,,,,
2026-06-16,CLE,MIL,,,,
2026-06-16,SDP,STL,,,,
2026-06-16,COL,CHC,,,,
2026-06-16,MIN,TEX,,,,
2026-06-16,DET,HOU,,,,
2026-06-16,LAA,ARI,,,,
2026-06-16,PIT,ATH,,,,
2026-06-16,BAL,SEA,,,,
2026-06-16,TBR,LAD,,,,
2026-06-17,NYM,CIN,,,,
2026-06-17,KCR,WSN,,,,
2026-06-17,MIA,PHI,,,,
2026-06-17,SFG,ATL,,,,
2026-06-17,DET,HOU,,,,
2026-06-17,SDP,STL,,,,
2026-06-17,TBR,LAD,,,,
2026-06-17,LAA,ARI,,,,
2026-06-17,TOR,BOS,,,,
2026-06-17,CHW,NYY,,,,
2026-06-17,CLE,MIL,,,,
2026-06-17,COL,CHC,,,,
2026-06-17,PIT,ATH,,,,
2026-06-17,BAL,SEA,,,,
2026-06-18,TOR,BOS,,,,
2026-06-18,CLE,MIL,,,,
2026-06-18,MIN,TEX,,,,
2026-06-18,BAL,SEA,,,,
2026-06-18,NYM,PHI,,,,
2026-06-18,CHW,NYY,,,,
2026-06-18,STL,KCR,,,,
2026-06-18,LAA,ATH,,,,
2026-06-19,TOR,CHC,,,,
2026-06-19,CHW,DET,,,,
2026-06-19,CIN,NYY,,,,
2026-06-19,WSN,TBR,,,,
2026-06-19,SFG,MIA,,,,
2026-06-19,MIL,ATL,,,,
2026-06-19,SDP,TEX,,,,
2026-06-19,CLE,HOU,,,,
2026-06-19,STL,KCR,,,,
2026-06-19,PIT,COL,,,,
2026-06-19,LAA,ATH,,,,
2026-06-19,MIN,ARI,,,,
2026-06-19,BAL,LAD,,,,
2026-06-19,BOS,SEA,,,,
2026-06-20,CHW,DET,,,,
2026-06-20,CIN,NYY,,,,
2026-06-20,TOR,CHC,,,,
2026-06-20,SDP,TEX,,,,
2026-06-20,WSN,TBR,,,,
2026-06-20,SFG,MIA,,,,
2026-06-20,MIL,ATL,,,,
2026-06-20,CLE,HOU,,,,
2026-06-20,NYM,PHI,,,,
2026-06-20,PIT,COL,,,,
2026-06-20,LAA,ATH,,,,
2026-06-20,BAL,LAD,,,,
2026-06-20,BOS,SEA,,,,
2026-06-20,MIN,ARI,,,,
2026-06-21,CIN,NYY,,,,
2026-06-21,MIL,ATL,,,,
2026-06-21,WSN,TBR,,,,
2026-06-21,CHW,DET,,,,
2026-06-21,SFG,MIA,,,,
2026-06-21,CLE,HOU,,,,
2026-06-21,STL,KCR,,,,
2026-06-21,SDP,TEX,,,,
2026-06-21,PIT,COL,,,,
2026-06-21,MIN,ARI,,,,
2026-06-21,LAA,ATH,,,,
2026-06-21,BAL,LAD,,,,
2026-06-21,BOS,SEA,,,,
2026-06-21,NYM,PHI,,,,
2026-06-22,NYY,DET,,,,
2026-06-22,KCR,TBR,,,,
2026-06-22,TEX,MIA,,,,
2026-06-22,PHI,WSN,,,,
2026-06-22,HOU,TOR,,,,
2026-06-22,MIL,CIN,,,,
2026-06-22,LAD,MIN,,,,
2026-06-22,CLE,CHW,,,,
2026-06-22,ARI,STL,,,,
2026-06-22,BOS,COL,,,,
2026-06-22,BAL,LAA,,,,
2026-06-22,ATL,SDP,,,,
2026-06-23,HOU,TOR,,,,
2026-06-23,SEA,PIT,,,,
2026-06-23,KCR,TBR,,,,
2026-06-23,TEX,MIA,,,,
2026-06-23,NYY,DET,,,,
2026-06-23,PHI,WSN,,,,
2026-06-23,CHC,NYM,,,,
2026-06-23,MIL,CIN,,,,
2026-06-23,LAD,MIN,,,,
2026-06-23,CLE,CHW,,,,
2026-06-23,ARI,STL,,,,
2026-06-23,BOS,COL,,,,
2026-06-23,BAL,LAA,,,,
2026-06-23,ATL,SDP,,,,
2026-06-23,ATH,SFG,,,,
2026-06-24,TEX,MIA,,,,
2026-06-24,CHC,NYM,,,,
2026-06-24,CLE,CHW,,,,
2026-06-24,BOS,COL,,,,
2026-06-24,BAL,LAA,,,,
2026-06-24,SEA,PIT,,,,
2026-06-24,KCR,TBR,,,,
2026-06-24,NYY,DET,,,,
2026-06-24,PHI,WSN,,,,
2026-06-24,HOU,TOR,,,,
2026-06-24,MIL,CIN,,,,
2026-06-24,LAD,MIN,,,,
2026-06-24,ARI,STL,,,,
2026-06-24,ATL,SDP,,,,
2026-06-24,ATH,SFG,,,,
2026-06-25,KCR,TBR,,,,
2026-06-25,SEA,PIT,,,,
2026-06-25,ATH,SFG,,,,
2026-06-25,HOU,DET,,,,
2026-06-25,PHI,WSN,,,,
2026-06-25,TEX,TOR,,,,
2026-06-25,CHC,NYM,,,,
2026-06-25,NYY,BOS,,,,
2026-06-26,HOU,DET,,,,
2026-06-26,CIN,PIT,,,,
2026-06-26,WSN,BAL,,,,
2026-06-26,TEX,TOR,,,,
2026-06-26,SEA,CLE,,,,
2026-06-26,ARI,TBR,,,,
2026-06-26,PHI,NYM,,,,
2026-06-26,NYY,BOS,,,,
2026-06-26,KCR,CHW,,,,
2026-06-26,CHC,MIL,,,,
2026-06-26,COL,MIN,,,,
2026-06-26,MIA,STL,,,,
2026-06-26,ATH,LAA,,,,
2026-06-26,LAD,SDP,,,,
2026-06-26,ATL,SFG,,,,
2026-06-27,HOU,DET,,,,
2026-06-27,NYY,BOS,,,,
2026-06-27,TEX,TOR,,,,
2026-06-27,CIN,PIT,,,,
2026-06-27,PHI,NYM,,,,
2026-06-27,KCR,CHW,,,,
2026-06-27,ARI,TBR,,,,
2026-06-27,WSN,BAL,,,,
2026-06-27,SEA,CLE,,,,
2026-06-27,COL,MIN,,,,
2026-06-27,CHC,MIL,,,,
2026-06-27,MIA,STL,,,,
2026-06-27,LAD,SDP,,,,
2026-06-27,ATL,SFG,,,,
2026-06-27,ATH,LAA,,,,
2026-06-28,WSN,BAL,,,,
2026-06-28,CIN,PIT,,,,
2026-06-28,TEX,TOR,,,,
2026-06-28,HOU,DET,,,,
2026-06-28,SEA,CLE,,,,
2026-06-28,ARI,TBR,,,,
2026-06-28,PHI,NYM,,,,
2026-06-28,COL,MIN,,,,
2026-06-28,KCR,CHW,,,,
2026-06-28,CHC,MIL,,,,
2026-06-28,MIA,STL,,,,
2026-06-28,ATH,LAA,,,,
2026-06-28,ATL,SFG,,,,
2026-06-28,LAD,SDP,,,,
2026-06-28,NYY,BOS,,,,
